tertiary_heating_hot_extracted_MWh_y_,1025534.0
tertiary_heating_medium_extracted_MWh_y_,1156599.0
tertiary_heating_low_extracted_MWh_y_,26544.0
tertiary_heating_dhw_extracted_MWh_y_,245409.0
tertiary_heating_cooling_extracted_MWh_y_,168000.0
residential_heating_hot_extracted_MWh_y_,2703333.0
residential_heating_medium_extracted_MWh_y_,15793.0
residential_heating_low_extracted_MWh_y_,2965.0
residential_heating_dhw_extracted_MWh_y_,443131.0
residential_heating_cooling_extracted_MWh_y_,0.0
