{"type": "FeatureCollection", "features": [{"id": "0", "type": "Feature", "properties": {"Shape_Area": 0.0, "Shape_Length": 0.0, "Facility_N": "AIR LIQUIDE LARGE INDUSTRY", "City": "Antwerpen", "Country": "Belgium", "Lat": 51.355602, "Long": 4.267469, "Sector": "Chemical industry", "tCO2_y": 608000.0, "MWh_y": 2257872.84611, "Temperatur": "high", "ID_GEN": 103}, "geometry": {"type": "Point", "coordinates": [4.267469, 51.355602]}}, {"id": "1", "type": "Feature", "properties": {"Shape_Area": 0.0, "Shape_Length": 0.0, "Facility_N": "LANXESS", "City": "Antwerpen", "Country": "Belgium", "Lat": 51.34265, "Long": 4.2788363, "Sector": "Chemical industry", "tCO2_y": 133000.0, "MWh_y": 493909.685086, "Temperatur": "high", "ID_GEN": 104}, "geometry": {"type": "Point", "coordinates": [4.2788363, 51.34265]}}, {"id": "2", "type": "Feature", "properties": {"Shape_Area": 0.0, "Shape_Length": 0.0, "Facility_N": "ESSENT ENERGIE BELGIE", "City": "Zwijndrecht", "Country": "Belgium", "Lat": 51.23303, "Long": 4.3175244, "Sector": "Energy sector", "tCO2_y": 390000.0, "MWh_y": 741406.095266, "Temperatur": "medium", "ID_GEN": 109}, "geometry": {"type": "Point", "coordinates": [4.3175244, 51.23303]}}, {"id": "3", "type": "Feature", "properties": {"Shape_Area": 0.0, "Shape_Length": 0.0, "Facility_N": "ELECTRABEL SITE LANXESS RUBBER", "City": "Zwijndrecht", "Country": "Belgium", "Lat": 51.23942, "Long": 4.335364, "Sector": "Energy sector", "tCO2_y": 231000.0, "MWh_y": 439140.53335, "Temperatur": "medium", "ID_GEN": 111}, "geometry": {"type": "Point", "coordinates": [4.335364, 51.23942]}}, {"id": "4", "type": "Feature", "properties": {"Shape_Area": 0.0, "Shape_Length": 0.0, "Facility_N": "BASF ANTWERPEN", "City": "Antwerpen", "Country": "Belgium", "Lat": 51.355602, "Long": 4.267469, "Sector": "Chemical industry", "tCO2_y": 3210000.0, "MWh_y": 11920677.3619, "Temperatur": "high", "ID_GEN": 51}, "geometry": {"type": "Point", "coordinates": [4.267469, 51.355602]}}, {"id": "5", "type": "Feature", "properties": {"Shape_Area": 0.0, "Shape_Length": 0.0, "Facility_N": "EVONIK DEGUSSA ANTWERPEN", "City": "Antwerpen", "Country": "Belgium", "Lat": 51.30386, "Long": 4.306186, "Sector": "Chemical industry", "tCO2_y": 538000.0, "MWh_y": 1997920.38027, "Temperatur": "high", "ID_GEN": 52}, "geometry": {"type": "Point", "coordinates": [4.306186, 51.30386]}}, {"id": "6", "type": "Feature", "properties": {"Shape_Area": 0.0, "Shape_Length": 0.0, "Facility_N": "OUDEGEM PAPIER", "City": "Dendermonde", "Country": "Belgium", "Lat": 51.012486, "Long": 4.064485, "Sector": "Paper and wood production processing", "tCO2_y": 208000.0, "MWh_y": 772430.184195, "Temperatur": "medium", "ID_GEN": 58}, "geometry": {"type": "Point", "coordinates": [4.064485, 51.012486]}}, {"id": "7", "type": "Feature", "properties": {"Shape_Area": 0.0, "Shape_Length": 0.0, "Facility_N": "MONSANTO EUROPE", "City": "Antwerpen", "Country": "Belgium", "Lat": 51.316147, "Long": 4.2946625, "Sector": "Chemical industry", "tCO2_y": 213000.0, "MWh_y": 790998.217469, "Temperatur": "high", "ID_GEN": 59}, "geometry": {"type": "Point", "coordinates": [4.2946625, 51.316147]}}, {"id": "8", "type": "Feature", "properties": {"Shape_Area": 0.0, "Shape_Length": 0.0, "Facility_N": "ISVAG INTERCOMMUNALE", "City": "Antwerpen", "Country": "Belgium", "Lat": 51.14669, "Long": 4.375623, "Sector": "Waste and waste water management", "tCO2_y": 161000.0, "MWh_y": 597890.67142, "Temperatur": "low", "ID_GEN": 60}, "geometry": {"type": "Point", "coordinates": [4.375623, 51.14669]}}, {"id": "9", "type": "Feature", "properties": {"Shape_Area": 0.0, "Shape_Length": 0.0, "Facility_N": "ESSO RAFFINADERIJ", "City": "Antwerpen", "Country": "Belgium", "Lat": 51.25771, "Long": 4.338689, "Sector": "Energy sector", "tCO2_y": 1960000.0, "MWh_y": 3726040.88903, "Temperatur": "medium", "ID_GEN": 61}, "geometry": {"type": "Point", "coordinates": [4.338689, 51.25771]}}, {"id": "10", "type": "Feature", "properties": {"Shape_Area": 0.0, "Shape_Length": 0.0, "Facility_N": "FINA ANTWERP OLEFINS", "City": "Antwerpen", "Country": "Belgium", "Lat": 51.25782, "Long": 4.3309717, "Sector": "Chemical industry", "tCO2_y": 859000.0, "MWh_y": 3189988.11646, "Temperatur": "high", "ID_GEN": 62}, "geometry": {"type": "Point", "coordinates": [4.3309717, 51.25782]}}, {"id": "11", "type": "Feature", "properties": {"Shape_Area": 0.0, "Shape_Length": 0.0, "Facility_N": "INEOS", "City": "Zwijndrecht", "Country": "Belgium", "Lat": 51.23303, "Long": 4.3175244, "Sector": "Chemical industry", "tCO2_y": 228000.0, "MWh_y": 846702.317291, "Temperatur": "high", "ID_GEN": 63}, "geometry": {"type": "Point", "coordinates": [4.3175244, 51.23303]}}, {"id": "12", "type": "Feature", "properties": {"Shape_Area": 0.0, "Shape_Length": 0.0, "Facility_N": "INDEPENDENT BELGIAN REFINERY", "City": "Antwerpen", "Country": "Belgium", "Lat": 51.340908, "Long": 4.2781467, "Sector": "Energy sector", "tCO2_y": 494000.0, "MWh_y": 939114.387337, "Temperatur": "medium", "ID_GEN": 66}, "geometry": {"type": "Point", "coordinates": [4.2781467, 51.340908]}}, {"id": "13", "type": "Feature", "properties": {"Shape_Area": 0.0, "Shape_Length": 0.0, "Facility_N": "COVESTRO", "City": "Antwerpen", "Country": "Belgium", "Lat": 51.295746, "Long": 4.3199267, "Sector": "Chemical industry", "tCO2_y": 140000.0, "MWh_y": 519904.93167, "Temperatur": "high", "ID_GEN": 67}, "geometry": {"type": "Point", "coordinates": [4.3199267, 51.295746]}}, {"id": "14", "type": "Feature", "properties": {"Shape_Area": 0.0, "Shape_Length": 0.0, "Facility_N": "UMICORE - HOBOKEN", "City": "Antwerpen", "Country": "Belgium", "Lat": 51.167282, "Long": 4.3347054, "Sector": "Productiona and processing of metals", "tCO2_y": 199000.0, "MWh_y": 431857.638889, "Temperatur": "high", "ID_GEN": 71}, "geometry": {"type": "Point", "coordinates": [4.3347054, 51.167282]}}, {"id": "15", "type": "Feature", "properties": {"Shape_Area": 0.0, "Shape_Length": 0.0, "Facility_N": "TOTAL RAFFINADERIJ ANTWERPEN", "City": "Antwerpen", "Country": "Belgium", "Lat": 51.26745, "Long": 4.3216605, "Sector": "Energy sector", "tCO2_y": 3780000.0, "MWh_y": 7185936.00027, "Temperatur": "medium", "ID_GEN": 76}, "geometry": {"type": "Point", "coordinates": [4.3216605, 51.26745]}}, {"id": "16", "type": "Feature", "properties": {"Shape_Area": 0.0, "Shape_Length": 0.0, "Facility_N": "INEOS PHENOL BELGIUM", "City": "Beveren", "Country": "Belgium", "Lat": 51.290928, "Long": 4.2726126, "Sector": "Chemical industry", "tCO2_y": 221000.0, "MWh_y": 820707.070707, "Temperatur": "high", "ID_GEN": 77}, "geometry": {"type": "Point", "coordinates": [4.2726126, 51.290928]}}, {"id": "17", "type": "Feature", "properties": {"Shape_Area": 0.0, "Shape_Length": 0.0, "Facility_N": "BOREALIS KALLO", "City": "Beveren", "Country": "Belgium", "Lat": 51.26833, "Long": 4.2699494, "Sector": "Chemical industry", "tCO2_y": 235000.0, "MWh_y": 872697.563874, "Temperatur": "high", "ID_GEN": 78}, "geometry": {"type": "Point", "coordinates": [4.2699494, 51.26833]}}, {"id": "18", "type": "Feature", "properties": {"Shape_Area": 0.0, "Shape_Length": 0.0, "Facility_N": "ZANDVLIET POWER - TERREIN BASF", "City": "Antwerpen", "Country": "Belgium", "Lat": 51.355602, "Long": 4.267469, "Sector": "Energy sector", "tCO2_y": 768000.0, "MWh_y": 1459999.69529, "Temperatur": "medium", "ID_GEN": 102}, "geometry": {"type": "Point", "coordinates": [4.267469, 51.355602]}}, {"id": "19", "type": "Feature", "properties": {"Shape_Area": 0.0, "Shape_Length": 0.0, "Facility_N": "SABIC Innovative Plastics BV", "City": "Bergen op Zoom", "Country": "Netherlands", "Lat": 51.51059, "Long": 4.25585, "Sector": "Chemical industry", "tCO2_y": 334000.0, "MWh_y": 1240344.6227, "Temperatur": "high", "ID_GEN": 1173}, "geometry": {"type": "Point", "coordinates": [4.25585, 51.51059]}}, {"id": "20", "type": "Feature", "properties": {"Shape_Area": 0.0, "Shape_Length": 0.0, "Facility_N": "SITA ReEnergy Roosendaal BV", "City": "Roosendaal", "Country": "Netherlands", "Lat": 51.54762, "Long": 4.44361, "Sector": "Waste and waste water management", "tCO2_y": 331000.0, "MWh_y": 1229203.80273, "Temperatur": "low", "ID_GEN": 1205}, "geometry": {"type": "Point", "coordinates": [4.44361, 51.54762]}}]}