{"type": "FeatureCollection", "features": [{"id": "0", "type": "Feature", "properties": {"Shape_Area": 0.0, "Shape_Length": 0.0, "UWWID": 217124, "UWWSTATE": 106, "REPID": 277, "RPTMSTATEK": "BE", "AGGID": 0, "UWWCODE": "BE_F_TP_027", "UWWNAME": "Aalst", "UWWCOLLECT": 111, "UWWLATITUD": 50.9681, "UWWLONGITU": 4.04833, "UWWNUTS": 1864, "UWWLOADENT": 78600, "UWWCAPACIT": 90000, "LOAD_PERCE": 0.87333333333, "LOAD_PE_01": 0.87333333333, "KWH_TH_FLO": 26776400.0, "KWH_TH_EST": null, "MWH_TH_YR": 26776.4, "CONF_LEVEL": 2}, "geometry": {"type": "Point", "coordinates": [4.04833, 50.96810000000001]}}, {"id": "1", "type": "Feature", "properties": {"Shape_Area": 0.0, "Shape_Length": 0.0, "UWWID": 217127, "UWWSTATE": 106, "REPID": 277, "RPTMSTATEK": "BE", "AGGID": 0, "UWWCODE": "BE_F_TP_046", "UWWNAME": "Aartselaar", "UWWCOLLECT": 111, "UWWLATITUD": 51.1479, "UWWLONGITU": 4.37473, "UWWNUTS": 1864, "UWWLOADENT": 73600, "UWWCAPACIT": 54000, "LOAD_PERCE": 1.36296296296, "LOAD_PE_01": 1.36296296296, "KWH_TH_FLO": 25073066.6667, "KWH_TH_EST": null, "MWH_TH_YR": 25073.0666667, "CONF_LEVEL": 2}, "geometry": {"type": "Point", "coordinates": [4.37473, 51.1479]}}, {"id": "2", "type": "Feature", "properties": {"Shape_Area": 0.0, "Shape_Length": 0.0, "UWWID": 217131, "UWWSTATE": 106, "REPID": 277, "RPTMSTATEK": "BE", "AGGID": 0, "UWWCODE": "BE_F_TP_055", "UWWNAME": "Antwerpen-Noord", "UWWCOLLECT": 111, "UWWLATITUD": 51.3036, "UWWLONGITU": 4.34746, "UWWNUTS": 1864, "UWWLOADENT": 64000, "UWWCAPACIT": 94500, "LOAD_PERCE": 0.67724867725, "LOAD_PE_01": 0.67724867725, "KWH_TH_FLO": 21802666.6667, "KWH_TH_EST": null, "MWH_TH_YR": 21802.6666667, "CONF_LEVEL": 2}, "geometry": {"type": "Point", "coordinates": [4.34746, 51.30360000000001]}}, {"id": "3", "type": "Feature", "properties": {"Shape_Area": 0.0, "Shape_Length": 0.0, "UWWID": 217132, "UWWSTATE": 106, "REPID": 277, "RPTMSTATEK": "BE", "AGGID": 0, "UWWCODE": "BE_F_TP_050", "UWWNAME": "Antwerpen-Zuid", "UWWCOLLECT": 111, "UWWLATITUD": 51.1931, "UWWLONGITU": 4.3698, "UWWNUTS": 1864, "UWWLOADENT": 142000, "UWWCAPACIT": 171000, "LOAD_PERCE": 0.83040935673, "LOAD_PE_01": 0.83040935673, "KWH_TH_FLO": 48374666.6667, "KWH_TH_EST": null, "MWH_TH_YR": 48374.6666667, "CONF_LEVEL": 2}, "geometry": {"type": "Point", "coordinates": [4.3698, 51.1931]}}, {"id": "4", "type": "Feature", "properties": {"Shape_Area": 0.0, "Shape_Length": 0.0, "UWWID": 217140, "UWWSTATE": 106, "REPID": 277, "RPTMSTATEK": "BE", "AGGID": 0, "UWWCODE": "BE_F_TP_392", "UWWNAME": "Berendrecht", "UWWCOLLECT": 111, "UWWLATITUD": 51.3396, "UWWLONGITU": 4.32299, "UWWNUTS": 1864, "UWWLOADENT": 8200, "UWWCAPACIT": 8100, "LOAD_PERCE": 1.01234567901, "LOAD_PE_01": 1.01234567901, "KWH_TH_FLO": 2793466.66667, "KWH_TH_EST": null, "MWH_TH_YR": 2793.46666667, "CONF_LEVEL": 2}, "geometry": {"type": "Point", "coordinates": [4.32299, 51.3396]}}, {"id": "5", "type": "Feature", "properties": {"Shape_Area": 0.0, "Shape_Length": 0.0, "UWWID": 217141, "UWWSTATE": 106, "REPID": 277, "RPTMSTATEK": "BE", "AGGID": 0, "UWWCODE": "BE_F_TP_179", "UWWNAME": "Berlaar", "UWWCOLLECT": 111, "UWWLATITUD": 51.125, "UWWLONGITU": 4.64759, "UWWNUTS": 1864, "UWWLOADENT": 11900, "UWWCAPACIT": 10800, "LOAD_PERCE": 1.10185185185, "LOAD_PE_01": 1.10185185185, "KWH_TH_FLO": 4053933.33333, "KWH_TH_EST": null, "MWH_TH_YR": 4053.93333333, "CONF_LEVEL": 2}, "geometry": {"type": "Point", "coordinates": [4.64759, 51.125]}}, {"id": "6", "type": "Feature", "properties": {"Shape_Area": 0.0, "Shape_Length": 0.0, "UWWID": 217142, "UWWSTATE": 106, "REPID": 277, "RPTMSTATEK": "BE", "AGGID": 0, "UWWCODE": "BE_F_TP_033", "UWWNAME": "Berlare", "UWWCOLLECT": 111, "UWWLATITUD": 51.0199, "UWWLONGITU": 3.98174, "UWWNUTS": 1864, "UWWLOADENT": 11600, "UWWCAPACIT": 18000, "LOAD_PERCE": 0.64444444444, "LOAD_PE_01": 0.64444444444, "KWH_TH_FLO": 3951733.33333, "KWH_TH_EST": null, "MWH_TH_YR": 3951.73333333, "CONF_LEVEL": 2}, "geometry": {"type": "Point", "coordinates": [3.9817400000000003, 51.0199]}}, {"id": "7", "type": "Feature", "properties": {"Shape_Area": 0.0, "Shape_Length": 0.0, "UWWID": 217143, "UWWSTATE": 106, "REPID": 277, "RPTMSTATEK": "BE", "AGGID": 0, "UWWCODE": "BE_F_TP_199", "UWWNAME": "Beveren", "UWWCOLLECT": 111, "UWWLATITUD": 51.2235, "UWWLONGITU": 4.20844, "UWWNUTS": 1864, "UWWLOADENT": 31300, "UWWCAPACIT": 45000, "LOAD_PERCE": 0.69555555556, "LOAD_PE_01": 0.69555555556, "KWH_TH_FLO": 10662866.6667, "KWH_TH_EST": null, "MWH_TH_YR": 10662.8666667, "CONF_LEVEL": 2}, "geometry": {"type": "Point", "coordinates": [4.20844, 51.2235]}}, {"id": "8", "type": "Feature", "properties": {"Shape_Area": 0.0, "Shape_Length": 0.0, "UWWID": 217148, "UWWSTATE": 106, "REPID": 277, "RPTMSTATEK": "BE", "AGGID": 0, "UWWCODE": "BE_F_TP_130", "UWWNAME": "Blaasveld", "UWWCOLLECT": 111, "UWWLATITUD": 51.0667, "UWWLONGITU": 4.37061, "UWWNUTS": 1864, "UWWLOADENT": 5900, "UWWCAPACIT": 5400, "LOAD_PERCE": 1.09259259259, "LOAD_PE_01": 1.09259259259, "KWH_TH_FLO": 2009933.33333, "KWH_TH_EST": null, "MWH_TH_YR": 2009.93333333, "CONF_LEVEL": 2}, "geometry": {"type": "Point", "coordinates": [4.37061, 51.0667]}}, {"id": "9", "type": "Feature", "properties": {"Shape_Area": 0.0, "Shape_Length": 0.0, "UWWID": 217150, "UWWSTATE": 106, "REPID": 277, "RPTMSTATEK": "BE", "AGGID": 0, "UWWCODE": "BE_F_TP_045", "UWWNAME": "Boechout", "UWWCOLLECT": 111, "UWWLATITUD": 51.18, "UWWLONGITU": 4.48269, "UWWNUTS": 1864, "UWWLOADENT": 19200, "UWWCAPACIT": 19800, "LOAD_PERCE": 0.9696969697, "LOAD_PE_01": 0.9696969697, "KWH_TH_FLO": 6540800.0, "KWH_TH_EST": null, "MWH_TH_YR": 6540.8, "CONF_LEVEL": 2}, "geometry": {"type": "Point", "coordinates": [4.48269, 51.18000000000001]}}, {"id": "10", "type": "Feature", "properties": {"Shape_Area": 0.0, "Shape_Length": 0.0, "UWWID": 217152, "UWWSTATE": 106, "REPID": 277, "RPTMSTATEK": "BE", "AGGID": 0, "UWWCODE": "BE_F_TP_192", "UWWNAME": "Bonheiden", "UWWCOLLECT": 111, "UWWLATITUD": 51.02, "UWWLONGITU": 4.53148, "UWWNUTS": 1864, "UWWLOADENT": 4500, "UWWCAPACIT": 5130, "LOAD_PERCE": 0.87719298246, "LOAD_PE_01": 0.87719298246, "KWH_TH_FLO": 1533000.0, "KWH_TH_EST": null, "MWH_TH_YR": 1533.0, "CONF_LEVEL": 2}, "geometry": {"type": "Point", "coordinates": [4.53148, 51.02000000000001]}}, {"id": "11", "type": "Feature", "properties": {"Shape_Area": 0.0, "Shape_Length": 0.0, "UWWID": 217153, "UWWSTATE": 106, "REPID": 277, "RPTMSTATEK": "BE", "AGGID": 0, "UWWCODE": "BE_F_TP_154", "UWWNAME": "Boom", "UWWCOLLECT": 111, "UWWLATITUD": 51.1024, "UWWLONGITU": 4.35677, "UWWNUTS": 1864, "UWWLOADENT": 28600, "UWWCAPACIT": 30600, "LOAD_PERCE": 0.93464052288, "LOAD_PE_01": 0.93464052288, "KWH_TH_FLO": 9743066.66667, "KWH_TH_EST": null, "MWH_TH_YR": 9743.06666667, "CONF_LEVEL": 2}, "geometry": {"type": "Point", "coordinates": [4.35677, 51.1024]}}, {"id": "12", "type": "Feature", "properties": {"Shape_Area": 0.0, "Shape_Length": 0.0, "UWWID": 217154, "UWWSTATE": 106, "REPID": 277, "RPTMSTATEK": "BE", "AGGID": 0, "UWWCODE": "BE_F_TP_181", "UWWNAME": "Boortmeerbeek", "UWWCOLLECT": 111, "UWWLATITUD": 50.9921, "UWWLONGITU": 4.57831, "UWWNUTS": 1864, "UWWLOADENT": 22500, "UWWCAPACIT": 39600, "LOAD_PERCE": 0.56818181818, "LOAD_PE_01": 0.56818181818, "KWH_TH_FLO": 7665000.0, "KWH_TH_EST": null, "MWH_TH_YR": 7665.0, "CONF_LEVEL": 2}, "geometry": {"type": "Point", "coordinates": [4.57831, 50.99210000000001]}}, {"id": "13", "type": "Feature", "properties": {"Shape_Area": 0.0, "Shape_Length": 0.0, "UWWID": 217155, "UWWSTATE": 106, "REPID": 277, "RPTMSTATEK": "BE", "AGGID": 0, "UWWCODE": "BE_F_TP_051", "UWWNAME": "Bornem", "UWWCOLLECT": 111, "UWWLATITUD": 51.1075, "UWWLONGITU": 4.23945, "UWWNUTS": 1864, "UWWLOADENT": 32900, "UWWCAPACIT": 24300, "LOAD_PERCE": 1.35390946502, "LOAD_PE_01": 1.35390946502, "KWH_TH_FLO": 11207933.3333, "KWH_TH_EST": null, "MWH_TH_YR": 11207.9333333, "CONF_LEVEL": 2}, "geometry": {"type": "Point", "coordinates": [4.23945, 51.1075]}}, {"id": "14", "type": "Feature", "properties": {"Shape_Area": 0.0, "Shape_Length": 0.0, "UWWID": 217157, "UWWSTATE": 106, "REPID": 277, "RPTMSTATEK": "BE", "AGGID": 0, "UWWCODE": "BE_F_TP_052", "UWWNAME": "Brasschaat", "UWWCOLLECT": 111, "UWWLATITUD": 51.2843, "UWWLONGITU": 4.45745, "UWWNUTS": 1864, "UWWLOADENT": 29100, "UWWCAPACIT": 32400, "LOAD_PERCE": 0.89814814815, "LOAD_PE_01": 0.89814814815, "KWH_TH_FLO": 9913400.0, "KWH_TH_EST": null, "MWH_TH_YR": 9913.4, "CONF_LEVEL": 2}, "geometry": {"type": "Point", "coordinates": [4.45745, 51.2843]}}, {"id": "15", "type": "Feature", "properties": {"Shape_Area": 0.0, "Shape_Length": 0.0, "UWWID": 217158, "UWWSTATE": 106, "REPID": 277, "RPTMSTATEK": "BE", "AGGID": 0, "UWWCODE": "BE_F_TP_074", "UWWNAME": "Brecht", "UWWCOLLECT": 111, "UWWLATITUD": 51.3436, "UWWLONGITU": 4.62115, "UWWNUTS": 1864, "UWWLOADENT": 7000, "UWWCAPACIT": 9000, "LOAD_PERCE": 0.77777777778, "LOAD_PE_01": 0.77777777778, "KWH_TH_FLO": 2384666.66667, "KWH_TH_EST": null, "MWH_TH_YR": 2384.66666667, "CONF_LEVEL": 2}, "geometry": {"type": "Point", "coordinates": [4.62115, 51.3436]}}, {"id": "16", "type": "Feature", "properties": {"Shape_Area": 0.0, "Shape_Length": 0.0, "UWWID": 217161, "UWWSTATE": 106, "REPID": 277, "RPTMSTATEK": "BE", "AGGID": 0, "UWWCODE": "BE_F_TP_049", "UWWNAME": "Burcht", "UWWCOLLECT": 111, "UWWLATITUD": 51.2123, "UWWLONGITU": 4.34883, "UWWNUTS": 1864, "UWWLOADENT": 27800, "UWWCAPACIT": 31500, "LOAD_PERCE": 0.88253968254, "LOAD_PE_01": 0.88253968254, "KWH_TH_FLO": 9470533.33333, "KWH_TH_EST": null, "MWH_TH_YR": 9470.53333333, "CONF_LEVEL": 2}, "geometry": {"type": "Point", "coordinates": [4.34883, 51.2123]}}, {"id": "17", "type": "Feature", "properties": {"Shape_Area": 0.0, "Shape_Length": 0.0, "UWWID": 217162, "UWWSTATE": 106, "REPID": 277, "RPTMSTATEK": "BE", "AGGID": 0, "UWWCODE": "BE_F_TP_118", "UWWNAME": "De Klinge", "UWWCOLLECT": 111, "UWWLATITUD": 51.2462, "UWWLONGITU": 4.09529, "UWWNUTS": 1864, "UWWLOADENT": 3900, "UWWCAPACIT": 4500, "LOAD_PERCE": 0.86666666667, "LOAD_PE_01": 0.86666666667, "KWH_TH_FLO": 1328600.0, "KWH_TH_EST": null, "MWH_TH_YR": 1328.6, "CONF_LEVEL": 2}, "geometry": {"type": "Point", "coordinates": [4.09529, 51.2462]}}, {"id": "18", "type": "Feature", "properties": {"Shape_Area": 0.0, "Shape_Length": 0.0, "UWWID": 217164, "UWWSTATE": 106, "REPID": 277, "RPTMSTATEK": "BE", "AGGID": 0, "UWWCODE": "BE_F_TP_026", "UWWNAME": "Dendermonde", "UWWCOLLECT": 111, "UWWLATITUD": 51.025, "UWWLONGITU": 4.13776, "UWWNUTS": 1864, "UWWLOADENT": 52300, "UWWCAPACIT": 72000, "LOAD_PERCE": 0.72638888889, "LOAD_PE_01": 0.72638888889, "KWH_TH_FLO": 17816866.6667, "KWH_TH_EST": null, "MWH_TH_YR": 17816.8666667, "CONF_LEVEL": 2}, "geometry": {"type": "Point", "coordinates": [4.13776, 51.025]}}, {"id": "19", "type": "Feature", "properties": {"Shape_Area": 0.0, "Shape_Length": 0.0, "UWWID": 217167, "UWWSTATE": 106, "REPID": 277, "RPTMSTATEK": "BE", "AGGID": 0, "UWWCODE": "BE_F_TP_053", "UWWNAME": "Deurne", "UWWCOLLECT": 111, "UWWLATITUD": 51.227, "UWWLONGITU": 4.44431, "UWWNUTS": 1864, "UWWLOADENT": 232000, "UWWCAPACIT": 193500, "LOAD_PERCE": 1.19896640827, "LOAD_PE_01": 1.19896640827, "KWH_TH_FLO": 79034666.6667, "KWH_TH_EST": null, "MWH_TH_YR": 79034.6666667, "CONF_LEVEL": 2}, "geometry": {"type": "Point", "coordinates": [4.44431, 51.227]}}, {"id": "20", "type": "Feature", "properties": {"Shape_Area": 0.0, "Shape_Length": 0.0, "UWWID": 217170, "UWWSTATE": 106, "REPID": 277, "RPTMSTATEK": "BE", "AGGID": 0, "UWWCODE": "BE_F_TP_040", "UWWNAME": "Duffel", "UWWCOLLECT": 111, "UWWLATITUD": 51.0885, "UWWLONGITU": 4.49732, "UWWNUTS": 1864, "UWWLOADENT": 10100, "UWWCAPACIT": 13500, "LOAD_PERCE": 0.74814814815, "LOAD_PE_01": 0.74814814815, "KWH_TH_FLO": 3440733.33333, "KWH_TH_EST": null, "MWH_TH_YR": 3440.73333333, "CONF_LEVEL": 2}, "geometry": {"type": "Point", "coordinates": [4.49732, 51.0885]}}, {"id": "21", "type": "Feature", "properties": {"Shape_Area": 0.0, "Shape_Length": 0.0, "UWWID": 217171, "UWWSTATE": 106, "REPID": 277, "RPTMSTATEK": "BE", "AGGID": 0, "UWWCODE": "BE_F_TP_043", "UWWNAME": "Edegem", "UWWCOLLECT": 111, "UWWLATITUD": 51.1485, "UWWLONGITU": 4.42907, "UWWNUTS": 1864, "UWWLOADENT": 14800, "UWWCAPACIT": 19800, "LOAD_PERCE": 0.74747474747, "LOAD_PE_01": 0.74747474747, "KWH_TH_FLO": 5041866.66667, "KWH_TH_EST": null, "MWH_TH_YR": 5041.86666667, "CONF_LEVEL": 2}, "geometry": {"type": "Point", "coordinates": [4.42907, 51.1485]}}, {"id": "22", "type": "Feature", "properties": {"Shape_Area": 0.0, "Shape_Length": 0.0, "UWWID": 217177, "UWWSTATE": 106, "REPID": 277, "RPTMSTATEK": "BE", "AGGID": 0, "UWWCODE": "BE_F_TP_067", "UWWNAME": "Essen", "UWWCOLLECT": 111, "UWWLATITUD": 51.4587, "UWWLONGITU": 4.48103, "UWWNUTS": 1864, "UWWLOADENT": 13000, "UWWCAPACIT": 12600, "LOAD_PERCE": 1.03174603175, "LOAD_PE_01": 1.03174603175, "KWH_TH_FLO": 4428666.66667, "KWH_TH_EST": null, "MWH_TH_YR": 4428.66666667, "CONF_LEVEL": 2}, "geometry": {"type": "Point", "coordinates": [4.48103, 51.4587]}}, {"id": "23", "type": "Feature", "properties": {"Shape_Area": 0.0, "Shape_Length": 0.0, "UWWID": 217187, "UWWSTATE": 106, "REPID": 277, "RPTMSTATEK": "BE", "AGGID": 0, "UWWCODE": "BE_F_TP_068", "UWWNAME": "Grobbendonk", "UWWCOLLECT": 111, "UWWLATITUD": 51.1845, "UWWLONGITU": 4.72523, "UWWNUTS": 1864, "UWWLOADENT": 5900, "UWWCAPACIT": 6750, "LOAD_PERCE": 0.87407407407, "LOAD_PE_01": 0.87407407407, "KWH_TH_FLO": 2009933.33333, "KWH_TH_EST": null, "MWH_TH_YR": 2009.93333333, "CONF_LEVEL": 2}, "geometry": {"type": "Point", "coordinates": [4.72523, 51.1845]}}, {"id": "24", "type": "Feature", "properties": {"Shape_Area": 0.0, "Shape_Length": 0.0, "UWWID": 217189, "UWWSTATE": 106, "REPID": 277, "RPTMSTATEK": "BE", "AGGID": 0, "UWWCODE": "BE_F_TP_038", "UWWNAME": "Hamme", "UWWCOLLECT": 111, "UWWLATITUD": 51.1034, "UWWLONGITU": 4.14438, "UWWNUTS": 1864, "UWWLOADENT": 23500, "UWWCAPACIT": 27000, "LOAD_PERCE": 0.87037037037, "LOAD_PE_01": 0.87037037037, "KWH_TH_FLO": 8005666.66667, "KWH_TH_EST": null, "MWH_TH_YR": 8005.66666667, "CONF_LEVEL": 2}, "geometry": {"type": "Point", "coordinates": [4.14438, 51.10340000000001]}}, {"id": "25", "type": "Feature", "properties": {"Shape_Area": 0.0, "Shape_Length": 0.0, "UWWID": 217194, "UWWSTATE": 106, "REPID": 277, "RPTMSTATEK": "BE", "AGGID": 0, "UWWCODE": "BE_F_TP_178", "UWWNAME": "Heist-op-den-Berg", "UWWCOLLECT": 111, "UWWLATITUD": 51.0793, "UWWLONGITU": 4.75738, "UWWNUTS": 1864, "UWWLOADENT": 16100, "UWWCAPACIT": 11250, "LOAD_PERCE": 1.43111111111, "LOAD_PE_01": 1.43111111111, "KWH_TH_FLO": 5484733.33333, "KWH_TH_EST": null, "MWH_TH_YR": 5484.73333333, "CONF_LEVEL": 2}, "geometry": {"type": "Point", "coordinates": [4.75738, 51.0793]}}, {"id": "26", "type": "Feature", "properties": {"Shape_Area": 0.0, "Shape_Length": 0.0, "UWWID": 217200, "UWWSTATE": 106, "REPID": 277, "RPTMSTATEK": "BE", "AGGID": 0, "UWWCODE": "BE_F_TP_058", "UWWNAME": "Hoogstraten", "UWWCOLLECT": 111, "UWWLATITUD": 51.4306, "UWWLONGITU": 4.75812, "UWWNUTS": 1864, "UWWLOADENT": 28100, "UWWCAPACIT": 23400, "LOAD_PERCE": 1.20085470085, "LOAD_PE_01": 1.20085470085, "KWH_TH_FLO": 9572733.33333, "KWH_TH_EST": null, "MWH_TH_YR": 9572.73333333, "CONF_LEVEL": 2}, "geometry": {"type": "Point", "coordinates": [4.75812, 51.4306]}}, {"id": "27", "type": "Feature", "properties": {"Shape_Area": 0.0, "Shape_Length": 0.0, "UWWID": 217203, "UWWSTATE": 106, "REPID": 277, "RPTMSTATEK": "BE", "AGGID": 0, "UWWCODE": "BE_F_TP_044", "UWWNAME": "Hove", "UWWCOLLECT": 111, "UWWLATITUD": 51.1424, "UWWLONGITU": 4.49331, "UWWNUTS": 1864, "UWWLOADENT": 24000, "UWWCAPACIT": 25200, "LOAD_PERCE": 0.95238095238, "LOAD_PE_01": 0.95238095238, "KWH_TH_FLO": 8176000.0, "KWH_TH_EST": null, "MWH_TH_YR": 8176.0, "CONF_LEVEL": 2}, "geometry": {"type": "Point", "coordinates": [4.49331, 51.1424]}}, {"id": "28", "type": "Feature", "properties": {"Shape_Area": 0.0, "Shape_Length": 0.0, "UWWID": 217205, "UWWSTATE": 106, "REPID": 277, "RPTMSTATEK": "BE", "AGGID": 0, "UWWCODE": "BE_F_TP_343", "UWWNAME": "Humbeek", "UWWCOLLECT": 111, "UWWLATITUD": 50.9786, "UWWLONGITU": 4.38717, "UWWNUTS": 1864, "UWWLOADENT": 2000, "UWWCAPACIT": 3060, "LOAD_PERCE": 0.65359477124, "LOAD_PE_01": 0.65359477124, "KWH_TH_FLO": 681333.333333, "KWH_TH_EST": null, "MWH_TH_YR": 681.333333333, "CONF_LEVEL": 2}, "geometry": {"type": "Point", "coordinates": [4.38717, 50.9786]}}, {"id": "29", "type": "Feature", "properties": {"Shape_Area": 0.0, "Shape_Length": 0.0, "UWWID": 217208, "UWWSTATE": 106, "REPID": 277, "RPTMSTATEK": "BE", "AGGID": 0, "UWWCODE": "BE_F_TP_086", "UWWNAME": "Itegem", "UWWCOLLECT": 111, "UWWLATITUD": 51.1001, "UWWLONGITU": 4.73556, "UWWNUTS": 1864, "UWWLOADENT": 3000, "UWWCAPACIT": 4500, "LOAD_PERCE": 0.66666666667, "LOAD_PE_01": 0.66666666667, "KWH_TH_FLO": 1022000.0, "KWH_TH_EST": null, "MWH_TH_YR": 1022.0, "CONF_LEVEL": 2}, "geometry": {"type": "Point", "coordinates": [4.73556, 51.1001]}}, {"id": "30", "type": "Feature", "properties": {"Shape_Area": 0.0, "Shape_Length": 0.0, "UWWID": 217210, "UWWSTATE": 106, "REPID": 277, "RPTMSTATEK": "BE", "AGGID": 0, "UWWCODE": "BE_F_TP_069", "UWWNAME": "Kalmthout", "UWWCOLLECT": 111, "UWWLATITUD": 51.4052, "UWWLONGITU": 4.48147, "UWWNUTS": 1864, "UWWLOADENT": 23800, "UWWCAPACIT": 25200, "LOAD_PERCE": 0.94444444444, "LOAD_PE_01": 0.94444444444, "KWH_TH_FLO": 8107866.66667, "KWH_TH_EST": null, "MWH_TH_YR": 8107.86666667, "CONF_LEVEL": 2}, "geometry": {"type": "Point", "coordinates": [4.48147, 51.4052]}}, {"id": "31", "type": "Feature", "properties": {"Shape_Area": 0.0, "Shape_Length": 0.0, "UWWID": 217214, "UWWSTATE": 106, "REPID": 277, "RPTMSTATEK": "BE", "AGGID": 0, "UWWCODE": "BE_F_TP_126", "UWWNAME": "Kieldrecht", "UWWCOLLECT": 111, "UWWLATITUD": 51.2761, "UWWLONGITU": 4.18754, "UWWNUTS": 1864, "UWWLOADENT": 5300, "UWWCAPACIT": 7200, "LOAD_PERCE": 0.73611111111, "LOAD_PE_01": 0.73611111111, "KWH_TH_FLO": 1805533.33333, "KWH_TH_EST": null, "MWH_TH_YR": 1805.53333333, "CONF_LEVEL": 2}, "geometry": {"type": "Point", "coordinates": [4.18754, 51.2761]}}, {"id": "32", "type": "Feature", "properties": {"Shape_Area": 0.0, "Shape_Length": 0.0, "UWWID": 217226, "UWWSTATE": 106, "REPID": 277, "RPTMSTATEK": "BE", "AGGID": 0, "UWWCODE": "BE_F_TP_145", "UWWNAME": "Lede", "UWWCOLLECT": 111, "UWWLATITUD": 50.9824, "UWWLONGITU": 3.96839, "UWWNUTS": 1864, "UWWLOADENT": 11600, "UWWCAPACIT": 14400, "LOAD_PERCE": 0.80555555556, "LOAD_PE_01": 0.80555555556, "KWH_TH_FLO": 3951733.33333, "KWH_TH_EST": null, "MWH_TH_YR": 3951.73333333, "CONF_LEVEL": 2}, "geometry": {"type": "Point", "coordinates": [3.9683900000000003, 50.982400000000005]}}, {"id": "33", "type": "Feature", "properties": {"Shape_Area": 0.0, "Shape_Length": 0.0, "UWWID": 217231, "UWWSTATE": 106, "REPID": 277, "RPTMSTATEK": "BE", "AGGID": 0, "UWWCODE": "BE_F_TP_166", "UWWNAME": "Lier", "UWWCOLLECT": 111, "UWWLATITUD": 51.1214, "UWWLONGITU": 4.56222, "UWWNUTS": 1864, "UWWLOADENT": 23200, "UWWCAPACIT": 30600, "LOAD_PERCE": 0.75816993464, "LOAD_PE_01": 0.75816993464, "KWH_TH_FLO": 7903466.66667, "KWH_TH_EST": null, "MWH_TH_YR": 7903.46666667, "CONF_LEVEL": 2}, "geometry": {"type": "Point", "coordinates": [4.56222, 51.1214]}}, {"id": "34", "type": "Feature", "properties": {"Shape_Area": 0.0, "Shape_Length": 0.0, "UWWID": 217232, "UWWSTATE": 106, "REPID": 277, "RPTMSTATEK": "BE", "AGGID": 0, "UWWCODE": "BE_F_TP_034", "UWWNAME": "Lokeren", "UWWCOLLECT": 111, "UWWLATITUD": 51.0975, "UWWLONGITU": 4.00841, "UWWNUTS": 1864, "UWWLOADENT": 42300, "UWWCAPACIT": 48600, "LOAD_PERCE": 0.87037037037, "LOAD_PE_01": 0.87037037037, "KWH_TH_FLO": 14410200.0, "KWH_TH_EST": null, "MWH_TH_YR": 14410.2, "CONF_LEVEL": 2}, "geometry": {"type": "Point", "coordinates": [4.00841, 51.0975]}}, {"id": "35", "type": "Feature", "properties": {"Shape_Area": 0.0, "Shape_Length": 0.0, "UWWID": 217234, "UWWSTATE": 106, "REPID": 277, "RPTMSTATEK": "BE", "AGGID": 0, "UWWCODE": "BE_F_TP_197", "UWWNAME": "Londerzeel", "UWWCOLLECT": 111, "UWWLATITUD": 51.0184, "UWWLONGITU": 4.28745, "UWWNUTS": 1864, "UWWLOADENT": 9700, "UWWCAPACIT": 9450, "LOAD_PERCE": 1.02645502646, "LOAD_PE_01": 1.02645502646, "KWH_TH_FLO": 3304466.66667, "KWH_TH_EST": null, "MWH_TH_YR": 3304.46666667, "CONF_LEVEL": 2}, "geometry": {"type": "Point", "coordinates": [4.28745, 51.01840000000001]}}, {"id": "36", "type": "Feature", "properties": {"Shape_Area": 0.0, "Shape_Length": 0.0, "UWWID": 217236, "UWWSTATE": 106, "REPID": 277, "RPTMSTATEK": "BE", "AGGID": 0, "UWWCODE": "BE_F_TP_070", "UWWNAME": "Malle", "UWWCOLLECT": 111, "UWWLATITUD": 51.2892, "UWWLONGITU": 4.7408, "UWWNUTS": 1864, "UWWLOADENT": 12700, "UWWCAPACIT": 16200, "LOAD_PERCE": 0.78395061728, "LOAD_PE_01": 0.78395061728, "KWH_TH_FLO": 4326466.66667, "KWH_TH_EST": null, "MWH_TH_YR": 4326.46666667, "CONF_LEVEL": 2}, "geometry": {"type": "Point", "coordinates": [4.7408, 51.2892]}}, {"id": "37", "type": "Feature", "properties": {"Shape_Area": 0.0, "Shape_Length": 0.0, "UWWID": 217237, "UWWSTATE": 106, "REPID": 277, "RPTMSTATEK": "BE", "AGGID": 0, "UWWCODE": "BE_F_TP_039", "UWWNAME": "Mechelen - Noord", "UWWCOLLECT": 111, "UWWLATITUD": 51.0473, "UWWLONGITU": 4.45121, "UWWNUTS": 1864, "UWWLOADENT": 70100, "UWWCAPACIT": 81000, "LOAD_PERCE": 0.86543209877, "LOAD_PE_01": 0.86543209877, "KWH_TH_FLO": 23880733.3333, "KWH_TH_EST": null, "MWH_TH_YR": 23880.7333333, "CONF_LEVEL": 2}, "geometry": {"type": "Point", "coordinates": [4.45121, 51.0473]}}, {"id": "38", "type": "Feature", "properties": {"Shape_Area": 0.0, "Shape_Length": 0.0, "UWWID": 217243, "UWWSTATE": 106, "REPID": 277, "RPTMSTATEK": "BE", "AGGID": 0, "UWWCODE": "BE_F_TP_054", "UWWNAME": "Merksem", "UWWCOLLECT": 111, "UWWLATITUD": 51.2393, "UWWLONGITU": 4.42893, "UWWNUTS": 1864, "UWWLOADENT": 37100, "UWWCAPACIT": 45000, "LOAD_PERCE": 0.82444444444, "LOAD_PE_01": 0.82444444444, "KWH_TH_FLO": 12638733.3333, "KWH_TH_EST": null, "MWH_TH_YR": 12638.7333333, "CONF_LEVEL": 2}, "geometry": {"type": "Point", "coordinates": [4.42893, 51.2393]}}, {"id": "39", "type": "Feature", "properties": {"Shape_Area": 0.0, "Shape_Length": 0.0, "UWWID": 217246, "UWWSTATE": 106, "REPID": 277, "RPTMSTATEK": "BE", "AGGID": 0, "UWWCODE": "BE_F_TP_131", "UWWNAME": "Moerbeke", "UWWCOLLECT": 111, "UWWLATITUD": 51.1701, "UWWLONGITU": 3.9491, "UWWNUTS": 1864, "UWWLOADENT": 12200, "UWWCAPACIT": 18000, "LOAD_PERCE": 0.67777777778, "LOAD_PE_01": 0.67777777778, "KWH_TH_FLO": 4156133.33333, "KWH_TH_EST": null, "MWH_TH_YR": 4156.13333333, "CONF_LEVEL": 2}, "geometry": {"type": "Point", "coordinates": [3.9491000000000005, 51.1701]}}, {"id": "40", "type": "Feature", "properties": {"Shape_Area": 0.0, "Shape_Length": 0.0, "UWWID": 217253, "UWWSTATE": 106, "REPID": 277, "RPTMSTATEK": "BE", "AGGID": 0, "UWWCODE": "BE_F_TP_066", "UWWNAME": "Nijlen", "UWWCOLLECT": 111, "UWWLATITUD": 51.1729, "UWWLONGITU": 4.66818, "UWWNUTS": 1864, "UWWLOADENT": 14400, "UWWCAPACIT": 18900, "LOAD_PERCE": 0.76190476191, "LOAD_PE_01": 0.76190476191, "KWH_TH_FLO": 4905600.0, "KWH_TH_EST": null, "MWH_TH_YR": 4905.6, "CONF_LEVEL": 2}, "geometry": {"type": "Point", "coordinates": [4.66818, 51.1729]}}, {"id": "41", "type": "Feature", "properties": {"Shape_Area": 0.0, "Shape_Length": 0.0, "UWWID": 217267, "UWWSTATE": 106, "REPID": 277, "RPTMSTATEK": "BE", "AGGID": 0, "UWWCODE": "BE_F_TP_071", "UWWNAME": "Pulderbos", "UWWCOLLECT": 111, "UWWLATITUD": 51.2063, "UWWLONGITU": 4.68719, "UWWNUTS": 1864, "UWWLOADENT": 16200, "UWWCAPACIT": 18000, "LOAD_PERCE": 0.9, "LOAD_PE_01": 0.9, "KWH_TH_FLO": 5518800.0, "KWH_TH_EST": null, "MWH_TH_YR": 5518.8, "CONF_LEVEL": 2}, "geometry": {"type": "Point", "coordinates": [4.68719, 51.2063]}}, {"id": "42", "type": "Feature", "properties": {"Shape_Area": 0.0, "Shape_Length": 0.0, "UWWID": 217277, "UWWSTATE": 106, "REPID": 277, "RPTMSTATEK": "BE", "AGGID": 0, "UWWCODE": "BE_F_TP_249", "UWWNAME": "Ruisbroek", "UWWCOLLECT": 111, "UWWLATITUD": 51.0664, "UWWLONGITU": 4.34031, "UWWNUTS": 1864, "UWWLOADENT": 22000, "UWWCAPACIT": 36000, "LOAD_PERCE": 0.61111111111, "LOAD_PE_01": 0.61111111111, "KWH_TH_FLO": 7494666.66667, "KWH_TH_EST": null, "MWH_TH_YR": 7494.66666667, "CONF_LEVEL": 2}, "geometry": {"type": "Point", "coordinates": [4.34031, 51.0664]}}, {"id": "43", "type": "Feature", "properties": {"Shape_Area": 0.0, "Shape_Length": 0.0, "UWWID": 217278, "UWWSTATE": 106, "REPID": 277, "RPTMSTATEK": "BE", "AGGID": 0, "UWWCODE": "BE_F_TP_057", "UWWNAME": "Schilde", "UWWCOLLECT": 111, "UWWLATITUD": 51.2337, "UWWLONGITU": 4.54419, "UWWNUTS": 1864, "UWWLOADENT": 26800, "UWWCAPACIT": 25200, "LOAD_PERCE": 1.06349206349, "LOAD_PE_01": 1.06349206349, "KWH_TH_FLO": 9129866.66667, "KWH_TH_EST": null, "MWH_TH_YR": 9129.86666667, "CONF_LEVEL": 2}, "geometry": {"type": "Point", "coordinates": [4.54419, 51.2337]}}, {"id": "44", "type": "Feature", "properties": {"Shape_Area": 0.0, "Shape_Length": 0.0, "UWWID": 217279, "UWWSTATE": 106, "REPID": 277, "RPTMSTATEK": "BE", "AGGID": 0, "UWWCODE": "BE_F_TP_056", "UWWNAME": "Schoten", "UWWCOLLECT": 111, "UWWLATITUD": 51.2416, "UWWLONGITU": 4.46288, "UWWNUTS": 1864, "UWWLOADENT": 26600, "UWWCAPACIT": 26100, "LOAD_PERCE": 1.01915708812, "LOAD_PE_01": 1.01915708812, "KWH_TH_FLO": 9061733.33333, "KWH_TH_EST": null, "MWH_TH_YR": 9061.73333333, "CONF_LEVEL": 2}, "geometry": {"type": "Point", "coordinates": [4.46288, 51.2416]}}, {"id": "45", "type": "Feature", "properties": {"Shape_Area": 0.0, "Shape_Length": 0.0, "UWWID": 217280, "UWWSTATE": 106, "REPID": 277, "RPTMSTATEK": "BE", "AGGID": 0, "UWWCODE": "BE_F_TP_035", "UWWNAME": "Sinaai", "UWWCOLLECT": 111, "UWWLATITUD": 51.1614, "UWWLONGITU": 4.03798, "UWWNUTS": 1864, "UWWLOADENT": 6100, "UWWCAPACIT": 5400, "LOAD_PERCE": 1.12962962963, "LOAD_PE_01": 1.12962962963, "KWH_TH_FLO": 2078066.66667, "KWH_TH_EST": null, "MWH_TH_YR": 2078.06666667, "CONF_LEVEL": 2}, "geometry": {"type": "Point", "coordinates": [4.03798, 51.1614]}}, {"id": "46", "type": "Feature", "properties": {"Shape_Area": 0.0, "Shape_Length": 0.0, "UWWID": 217281, "UWWSTATE": 106, "REPID": 277, "RPTMSTATEK": "BE", "AGGID": 0, "UWWCODE": "BE_F_TP_048", "UWWNAME": "Sint-Amands", "UWWCOLLECT": 111, "UWWLATITUD": 51.0475, "UWWLONGITU": 4.19521, "UWWNUTS": 1864, "UWWLOADENT": 7900, "UWWCAPACIT": 7200, "LOAD_PERCE": 1.09722222222, "LOAD_PE_01": 1.09722222222, "KWH_TH_FLO": 2691266.66667, "KWH_TH_EST": null, "MWH_TH_YR": 2691.26666667, "CONF_LEVEL": 2}, "geometry": {"type": "Point", "coordinates": [4.19521, 51.0475]}}, {"id": "47", "type": "Feature", "properties": {"Shape_Area": 0.0, "Shape_Length": 0.0, "UWWID": 217283, "UWWSTATE": 106, "REPID": 277, "RPTMSTATEK": "BE", "AGGID": 0, "UWWCODE": "BE_F_TP_036", "UWWNAME": "Sint-Niklaas", "UWWCOLLECT": 111, "UWWLATITUD": 51.1718, "UWWLONGITU": 4.11981, "UWWNUTS": 1864, "UWWLOADENT": 50200, "UWWCAPACIT": 45000, "LOAD_PERCE": 1.11555555556, "LOAD_PE_01": 1.11555555556, "KWH_TH_FLO": 17101466.6667, "KWH_TH_EST": null, "MWH_TH_YR": 17101.4666667, "CONF_LEVEL": 2}, "geometry": {"type": "Point", "coordinates": [4.11981, 51.1718]}}, {"id": "48", "type": "Feature", "properties": {"Shape_Area": 0.0, "Shape_Length": 0.0, "UWWID": 217288, "UWWSTATE": 106, "REPID": 277, "RPTMSTATEK": "BE", "AGGID": 0, "UWWCODE": "BE_F_TP_132", "UWWNAME": "Stekene", "UWWCOLLECT": 111, "UWWLATITUD": 51.1979, "UWWLONGITU": 4.03811, "UWWNUTS": 1864, "UWWLOADENT": 14100, "UWWCAPACIT": 18000, "LOAD_PERCE": 0.78333333333, "LOAD_PE_01": 0.78333333333, "KWH_TH_FLO": 4803400.0, "KWH_TH_EST": null, "MWH_TH_YR": 4803.4, "CONF_LEVEL": 2}, "geometry": {"type": "Point", "coordinates": [4.03811, 51.1979]}}, {"id": "49", "type": "Feature", "properties": {"Shape_Area": 0.0, "Shape_Length": 0.0, "UWWID": 217289, "UWWSTATE": 106, "REPID": 277, "RPTMSTATEK": "BE", "AGGID": 0, "UWWCODE": "BE_F_TP_225", "UWWNAME": "Temse", "UWWCOLLECT": 111, "UWWLATITUD": 51.122, "UWWLONGITU": 4.23212, "UWWNUTS": 1864, "UWWLOADENT": 26900, "UWWCAPACIT": 22500, "LOAD_PERCE": 1.19555555556, "LOAD_PE_01": 1.19555555556, "KWH_TH_FLO": 9163933.33333, "KWH_TH_EST": null, "MWH_TH_YR": 9163.93333333, "CONF_LEVEL": 2}, "geometry": {"type": "Point", "coordinates": [4.23212, 51.122]}}, {"id": "50", "type": "Feature", "properties": {"Shape_Area": 0.0, "Shape_Length": 0.0, "UWWID": 217301, "UWWSTATE": 106, "REPID": 277, "RPTMSTATEK": "BE", "AGGID": 0, "UWWCODE": "BE_F_TP_188", "UWWNAME": "Wichelen", "UWWCOLLECT": 111, "UWWLATITUD": 51.0074, "UWWLONGITU": 3.95639, "UWWNUTS": 1864, "UWWLOADENT": 7500, "UWWCAPACIT": 5850, "LOAD_PERCE": 1.28205128205, "LOAD_PE_01": 1.28205128205, "KWH_TH_FLO": 2555000.0, "KWH_TH_EST": null, "MWH_TH_YR": 2555.0, "CONF_LEVEL": 2}, "geometry": {"type": "Point", "coordinates": [3.95639, 51.0074]}}, {"id": "51", "type": "Feature", "properties": {"Shape_Area": 0.0, "Shape_Length": 0.0, "UWWID": 217305, "UWWSTATE": 106, "REPID": 277, "RPTMSTATEK": "BE", "AGGID": 0, "UWWCODE": "BE_F_TP_165", "UWWNAME": "Wommelgem", "UWWCOLLECT": 111, "UWWLATITUD": 51.2115, "UWWLONGITU": 4.48488, "UWWNUTS": 1864, "UWWLOADENT": 29500, "UWWCAPACIT": 18000, "LOAD_PERCE": 1.63888888889, "LOAD_PE_01": 1.63888888889, "KWH_TH_FLO": 10049666.6667, "KWH_TH_EST": null, "MWH_TH_YR": 10049.6666667, "CONF_LEVEL": 2}, "geometry": {"type": "Point", "coordinates": [4.48488, 51.2115]}}, {"id": "52", "type": "Feature", "properties": {"Shape_Area": 0.0, "Shape_Length": 0.0, "UWWID": 217309, "UWWSTATE": 106, "REPID": 277, "RPTMSTATEK": "BE", "AGGID": 0, "UWWCODE": "BE_F_TP_032", "UWWNAME": "Zele", "UWWCOLLECT": 111, "UWWLATITUD": 51.0452, "UWWLONGITU": 4.04724, "UWWNUTS": 1864, "UWWLOADENT": 30800, "UWWCAPACIT": 20700, "LOAD_PERCE": 1.48792270531, "LOAD_PE_01": 1.48792270531, "KWH_TH_FLO": 10492533.3333, "KWH_TH_EST": null, "MWH_TH_YR": 10492.5333333, "CONF_LEVEL": 2}, "geometry": {"type": "Point", "coordinates": [4.04724, 51.0452]}}, {"id": "53", "type": "Feature", "properties": {"Shape_Area": 0.0, "Shape_Length": 0.0, "UWWID": 217311, "UWWSTATE": 106, "REPID": 277, "RPTMSTATEK": "BE", "AGGID": 0, "UWWCODE": "BE_F_TP_091", "UWWNAME": "Zemst - Hofstade", "UWWCOLLECT": 111, "UWWLATITUD": 50.9957, "UWWLONGITU": 4.49711, "UWWNUTS": 1864, "UWWLOADENT": 9600, "UWWCAPACIT": 4950, "LOAD_PERCE": 1.93939393939, "LOAD_PE_01": 1.93939393939, "KWH_TH_FLO": 3270400.0, "KWH_TH_EST": null, "MWH_TH_YR": 3270.4, "CONF_LEVEL": 2}, "geometry": {"type": "Point", "coordinates": [4.49711, 50.99570000000001]}}, {"id": "54", "type": "Feature", "properties": {"Shape_Area": 0.0, "Shape_Length": 0.0, "UWWID": 283877, "UWWSTATE": 106, "REPID": 439, "RPTMSTATEK": "NL", "AGGID": 0, "UWWCODE": "NL19001", "UWWNAME": "UWWTP ST MAARTENSDIJK-SCHERPENISSE", "UWWCOLLECT": 111, "UWWLATITUD": 51.5564, "UWWLONGITU": 4.07669, "UWWNUTS": 3153, "UWWLOADENT": 22817, "UWWCAPACIT": 30150, "LOAD_PERCE": 0.7567827529, "LOAD_PE_01": 0.7567827529, "KWH_TH_FLO": 7772991.33333, "KWH_TH_EST": null, "MWH_TH_YR": 7772.99133333, "CONF_LEVEL": 2}, "geometry": {"type": "Point", "coordinates": [4.07669, 51.5564]}}, {"id": "55", "type": "Feature", "properties": {"Shape_Area": 0.0, "Shape_Length": 0.0, "UWWID": 283878, "UWWSTATE": 106, "REPID": 439, "RPTMSTATEK": "NL", "AGGID": 0, "UWWCODE": "NL19003", "UWWNAME": "UWWTP THOLEN", "UWWCOLLECT": 111, "UWWLATITUD": 51.5419, "UWWLONGITU": 4.23139, "UWWNUTS": 3153, "UWWLOADENT": 7698, "UWWCAPACIT": 14670, "LOAD_PERCE": 0.52474437628, "LOAD_PE_01": 0.52474437628, "KWH_TH_FLO": 2622452.0, "KWH_TH_EST": null, "MWH_TH_YR": 2622.452, "CONF_LEVEL": 2}, "geometry": {"type": "Point", "coordinates": [4.23139, 51.5419]}}, {"id": "56", "type": "Feature", "properties": {"Shape_Area": 0.0, "Shape_Length": 0.0, "UWWID": 283879, "UWWSTATE": 106, "REPID": 439, "RPTMSTATEK": "NL", "AGGID": 0, "UWWCODE": "NL20009", "UWWNAME": "UWWTP WAARDE", "UWWCOLLECT": 111, "UWWLATITUD": 51.4294, "UWWLONGITU": 4.05446, "UWWNUTS": 3153, "UWWLOADENT": 24992, "UWWCAPACIT": 63810, "LOAD_PERCE": 0.39166274879, "LOAD_PE_01": 0.39166274879, "KWH_TH_FLO": 8513941.33333, "KWH_TH_EST": null, "MWH_TH_YR": 8513.94133333, "CONF_LEVEL": 2}, "geometry": {"type": "Point", "coordinates": [4.05446, 51.4294]}}, {"id": "57", "type": "Feature", "properties": {"Shape_Area": 0.0, "Shape_Length": 0.0, "UWWID": 283881, "UWWSTATE": 106, "REPID": 439, "RPTMSTATEK": "NL", "AGGID": 0, "UWWCODE": "NL20011", "UWWNAME": "UWWTP WILLEM ANNAPOLDER", "UWWCOLLECT": 111, "UWWLATITUD": 51.4495, "UWWLONGITU": 3.93444, "UWWNUTS": 3153, "UWWLOADENT": 61780, "UWWCAPACIT": 72810, "LOAD_PERCE": 0.84850982008, "LOAD_PE_01": 0.84850982008, "KWH_TH_FLO": 21046386.6667, "KWH_TH_EST": null, "MWH_TH_YR": 21046.3866667, "CONF_LEVEL": 2}, "geometry": {"type": "Point", "coordinates": [3.9344400000000004, 51.4495]}}, {"id": "58", "type": "Feature", "properties": {"Shape_Area": 0.0, "Shape_Length": 0.0, "UWWID": 283888, "UWWSTATE": 106, "REPID": 439, "RPTMSTATEK": "NL", "AGGID": 0, "UWWCODE": "NL24001", "UWWNAME": "UWWTP HULST", "UWWCOLLECT": 111, "UWWLATITUD": 51.2804, "UWWLONGITU": 4.076, "UWWNUTS": 3153, "UWWLOADENT": 17285, "UWWCAPACIT": 29700, "LOAD_PERCE": 0.58198653199, "LOAD_PE_01": 0.58198653199, "KWH_TH_FLO": 5888423.33333, "KWH_TH_EST": null, "MWH_TH_YR": 5888.42333333, "CONF_LEVEL": 2}, "geometry": {"type": "Point", "coordinates": [4.076, 51.2804]}}, {"id": "59", "type": "Feature", "properties": {"Shape_Area": 0.0, "Shape_Length": 0.0, "UWWID": 283889, "UWWSTATE": 106, "REPID": 439, "RPTMSTATEK": "NL", "AGGID": 0, "UWWCODE": "NL24002", "UWWNAME": "UWWTP KLOOSTERZANDE", "UWWCOLLECT": 111, "UWWLATITUD": 51.3769, "UWWLONGITU": 4.02439, "UWWNUTS": 3153, "UWWLOADENT": 4770, "UWWCAPACIT": 7200, "LOAD_PERCE": 0.6625, "LOAD_PE_01": 0.6625, "KWH_TH_FLO": 1624980.0, "KWH_TH_EST": null, "MWH_TH_YR": 1624.98, "CONF_LEVEL": 2}, "geometry": {"type": "Point", "coordinates": [4.02439, 51.3769]}}, {"id": "60", "type": "Feature", "properties": {"Shape_Area": 0.0, "Shape_Length": 0.0, "UWWID": 283892, "UWWSTATE": 106, "REPID": 439, "RPTMSTATEK": "NL", "AGGID": 0, "UWWCODE": "NL25008", "UWWNAME": "UWWTP OSSENDRECHT", "UWWCOLLECT": 111, "UWWLATITUD": 51.3917, "UWWLONGITU": 4.32285, "UWWNUTS": 3157, "UWWLOADENT": 6183, "UWWCAPACIT": 8748, "LOAD_PERCE": 0.70679012346, "LOAD_PE_01": 0.70679012346, "KWH_TH_FLO": 2106342.0, "KWH_TH_EST": null, "MWH_TH_YR": 2106.342, "CONF_LEVEL": 2}, "geometry": {"type": "Point", "coordinates": [4.32285, 51.3917]}}, {"id": "61", "type": "Feature", "properties": {"Shape_Area": 0.0, "Shape_Length": 0.0, "UWWID": 283893, "UWWSTATE": 106, "REPID": 439, "RPTMSTATEK": "NL", "AGGID": 0, "UWWCODE": "NL25012", "UWWNAME": "UWWTP PUTTE", "UWWCOLLECT": 111, "UWWLATITUD": 51.3662, "UWWLONGITU": 4.38808, "UWWNUTS": 3157, "UWWLOADENT": 3533, "UWWCAPACIT": 5580, "LOAD_PERCE": 0.63315412186, "LOAD_PE_01": 0.63315412186, "KWH_TH_FLO": 1203575.33333, "KWH_TH_EST": null, "MWH_TH_YR": 1203.57533333, "CONF_LEVEL": 2}, "geometry": {"type": "Point", "coordinates": [4.38808, 51.3662]}}, {"id": "62", "type": "Feature", "properties": {"Shape_Area": 0.0, "Shape_Length": 0.0, "UWWID": 283900, "UWWSTATE": 106, "REPID": 439, "RPTMSTATEK": "NL", "AGGID": 0, "UWWCODE": "NL25021", "UWWNAME": "UWWTP BATH", "UWWCOLLECT": 111, "UWWLATITUD": 51.4134, "UWWLONGITU": 4.23752, "UWWNUTS": 3157, "UWWLOADENT": 299500, "UWWCAPACIT": 364500, "LOAD_PERCE": 0.82167352538, "LOAD_PE_01": 0.82167352538, "KWH_TH_FLO": 102029666.667, "KWH_TH_EST": null, "MWH_TH_YR": 102029.666667, "CONF_LEVEL": 2}, "geometry": {"type": "Point", "coordinates": [4.23752, 51.4134]}}, {"id": "63", "type": "Feature", "properties": {"Shape_Area": 0.0, "Shape_Length": 0.0, "UWWID": 283902, "UWWSTATE": 106, "REPID": 439, "RPTMSTATEK": "NL", "AGGID": 0, "UWWCODE": "NL25025", "UWWNAME": "UWWTP HALSTEREN", "UWWCOLLECT": 111, "UWWLATITUD": 51.5286, "UWWLONGITU": 4.25623, "UWWNUTS": 3157, "UWWLOADENT": 11217, "UWWCAPACIT": 9540, "LOAD_PERCE": 1.17578616352, "LOAD_PE_01": 1.17578616352, "KWH_TH_FLO": 3821258.0, "KWH_TH_EST": null, "MWH_TH_YR": 3821.258, "CONF_LEVEL": 2}, "geometry": {"type": "Point", "coordinates": [4.25623, 51.5286]}}, {"id": "64", "type": "Feature", "properties": {"Shape_Area": 0.0, "Shape_Length": 0.0, "UWWID": 284007, "UWWSTATE": 105, "REPID": 439, "RPTMSTATEK": "NL", "AGGID": 0, "UWWCODE": "NL19002", "UWWNAME": "UWWTP POORTVLIET", "UWWCOLLECT": 111, "UWWLATITUD": 51.5481, "UWWLONGITU": 4.14326, "UWWNUTS": 3153, "UWWLOADENT": 0, "UWWCAPACIT": 1980, "LOAD_PERCE": 0.0, "LOAD_PE_01": 0.0, "KWH_TH_FLO": 0.0, "KWH_TH_EST": "547695.55813543696", "MWH_TH_YR": 547.695558135, "CONF_LEVEL": 1}, "geometry": {"type": "Point", "coordinates": [4.143260000000001, 51.5481]}}, {"id": "65", "type": "Feature", "properties": {"Shape_Area": 0.0, "Shape_Length": 0.0, "UWWID": 284009, "UWWSTATE": 105, "REPID": 439, "RPTMSTATEK": "NL", "AGGID": 0, "UWWCODE": "NL19005", "UWWNAME": "UWWTP ST MAARTENSDIJK-ST ANNALAND", "UWWCOLLECT": 111, "UWWLATITUD": 51.5555, "UWWLONGITU": 4.07528, "UWWNUTS": 3153, "UWWLOADENT": 0, "UWWCAPACIT": 6300, "LOAD_PERCE": 0.0, "LOAD_PE_01": 0.0, "KWH_TH_FLO": 0.0, "KWH_TH_EST": "1742667.6849763906", "MWH_TH_YR": 1742.66768498, "CONF_LEVEL": 1}, "geometry": {"type": "Point", "coordinates": [4.07528, 51.5555]}}]}