Class	Description	Selected	Outside	Historical district	Eilandje and extension
Agriculture (High)	Basic	Yes	349643.82	0.0	0.0
Forestry (High)	Broad-leaved forest	Yes	150708.0	0.0	0.0
Forestry (High)	Coniferous	Yes	147153.6	0.0	0.0
Forestry (High)	Mixed	Yes	215276.1	0.0	0.0
Industry (High)	Large industries	Yes	24312808.09	0.0	0.0
Waste water	Effluent of UWWTPs (Low)	Yes	389796.25	0.0	0.0
Waste water	Sewer system (Low)	Yes	0.0	2191.62	8332.61
Deep geothermal (High)	Potential till 1 km	Yes	0.0	0.0	0.0
Deep geothermal (High)	Additional 1-2 km	Yes	979207181.08	0.0	0.0
Deep geothermal (High)	Additional 2-3 km	Yes	368412748655.06	167216280.0	616745760.0
Deep geothermal (High)	Additional 3-4 km	Yes	767985344123.56	320734462.12	1182968665.5
Deep geothermal (High)	Additional 4-5 km	Yes	791767719416.88	321069845.25	1184205663.0
Deep geothermal (High)	Additional 5-7 km	Yes	1581759594083.25	643063170.75	2371817409.0
Shallow geothermal (Low)	Ground heat extraction	Yes	0.0	210289767.19	776734479.75
Shallow geothermal (Low)	Ground cold extraction	Yes	0.0	210289767.19	776734479.75
Solar thermal (High)	Rooftops	Yes	0.0	29510.62	99368.62
