	Class	Description	Selected	Outside	11002L090	11002L070	11002M0PA	11002L022	11002L000	11002L011	11002L18-	11002L111	11002L100	11002L17-	11002L122	11002L070.1	11002M0MA	11002K271	1100212MQ	11002K2MN	11002K1MN	11002K272	11002K175	11002K214	11002P59-	11002P50-	11002P590	11002P589	11002P100	11002P392	11002J94-	11002P111	11002P12-	11002P03-	11002P192	11002J923	11002P04-	11002P23-	11002P05-	11002P02-	11002P01-	11002K172	11002P20-	11002K173	11002P22-	11002P09-	11002J901	11002P291	11002P00-	11002J881	11002P21-	11002J912	11002K174	11002J932	11002P242	11002Q2PA	11002Q30-	11002Q39-	11002J81-	11002K171	11002Q14-	11002Q233	11002Q212	11002Q2AA	11002Q13-	11002Q11-	11002Q12-	11002Q201	11002J80-	11002Q10-	11002Q242	11002Q091	11002Q222	11002Q241	11002Q04-	11002Q012	11002Q03-	11002Q17-	11002Q001	11002J873	11002J820	11002J80-.1	11002Q021	11002Q052	11002Q072	11002R19-	11002B791	11002R172	11002H8MJ	11002B73-	11002Q49-	11002R180	11002J072	11002J072.1	11002J85-	11002R101	11002B742	11002H83-	11002H84-	11002R110	11002B721	11002R12-	11002R21-	11002R13-	11002R20-	11002H4MJ	11002J84-	11002H43-	11002J83-	11002H41-	11002C491	11002H40-	11002R05-	11002R04-	11002B782	11002H44-	11002R29-	11002B824	11002A01-	11002R03-	11002A15-	11002S2MJ	11002B701	11002B752	11002A081	11002R23-	11002C45-	11002A00-	11002R22-	11002A13-	11002R02-	11002C41-	11002C21-	11002C42-	11002S31-	11002R24-	11002R01-	11002C22-	11002A11-	11002C44-	11002C43-	11002C23-	11002A081.1	11002A03-	11002S20-	11002R28-	11002A02-	11002B71-	11002B813	11002R00-	11002S04-	11002A10-	11002R099	11002C20-	11002S28-	11002S30-	11002A22-	11002S05-	11002C24-	11002A21-	11002C28-	11002C31-	11002C25-	11002A04-	11002A05-	11002S03-	11002A14-	11002A12-	11002S00-	11002S11-	11002R35-	11002C29-	11002S01-	11002R39-	11002E5MJ	11002E122	11002S10-	11002E19-	11002E14-	11002E15-	11002E131	11002S02-	11002D33-	11002R31-	11002R44-	11002E551	11002D30-	11002D34-	11002S12-	11002D32-	11002R34-	11002R30-	11002D31-	11002E50-	11002D38-	11002D35-	11002R32-	11002T39-	11002E53-	11002G552	11002R33-	11002T09-	11002S13-	11002D41-	11002G53-	11002T30-	11002R43-	11002T20-	11002S41-	11002D42-	11002G51-	11002F6MJ	11002S19-	11002F6NJ	11002E521	11002G59-	11002R401	11002T22-	11002R42-	11002T05-	11002R482	11002G522	11002T01-	11002S42-	11002S43-	11002T00-	11002R41-	11002T04-	11002T02-	11002G54-	11002T21-	11002T03-	11002V391	11002V391.1	11002F223	11002T24-	11002T180	11002T23-	11002R47-	11002F21-	11002V322	11002G780	11002F11-	11002F64-	11002T14-	11002F12-	11002V11-	11002F60-	11002T13-	11002T25-	11002F61-	11002F62-	11002T10-	11002G72-	11002V12-	11002T19-	11002T111	11002G74-	11002V14-	11002T412	11002V10-	11002V04-	11002F65-	11002U22-	11002G73-	11002U11-	11002V373	11002T42-	11002V05-	11002T12-	11002U21-	11002U20-	11002U10-	11002V13-	11002U33-	11002U30-	11002V312	11002V01-	11002V00-	11002V03-	11002G75-	11002V19-	11002V07-	11002V301	11002U31-	11002V099	11002V21-	11002V02-	11002U00-	11002U32-	11002U01-	11002U03-	11002V20-	11002U09-	11002U68-	11002V29-	11002V22-	11002U02-	11002U41-	11002U60-	11002U57-	11002U43-	11002V23-	11002U47-	11002U5MA	11002U40-	11002U69-	11002U5PA	All districts
Industry - Large industries	Industry	Large industries	Yes	4114295.91	0.0	2257872.75	0.0	0.0	0.0	0.0	0.0	0.0	0.0	1433024.06	0.0	0.0	0.0	790998.19	0.0	0.0	0.0	1997920.38	519904.94	0.0	0.0	0.0	0.0	0.0	0.0	0.0	0.0	0.0	0.0	0.0	0.0	0.0	0.0	0.0	0.0	0.0	0.0	14101965.0	0.0	0.0	0.0	0.0	0.0	0.0	0.0	0.0	0.0	0.0	0.0	0.0	0.0	0.0	0.0	0.0	0.0	0.0	0.0	0.0	0.0	0.0	0.0	0.0	0.0	0.0	0.0	0.0	0.0	0.0	0.0	0.0	0.0	0.0	0.0	0.0	0.0	0.0	0.0	0.0	0.0	0.0	0.0	0.0	0.0	0.0	0.0	0.0	0.0	0.0	0.0	0.0	0.0	0.0	0.0	0.0	0.0	0.0	0.0	0.0	0.0	0.0	0.0	0.0	0.0	0.0	0.0	0.0	0.0	0.0	0.0	0.0	0.0	0.0	0.0	0.0	0.0	0.0	0.0	0.0	0.0	0.0	0.0	0.0	0.0	0.0	0.0	0.0	0.0	0.0	0.0	0.0	0.0	0.0	0.0	0.0	0.0	0.0	0.0	0.0	0.0	0.0	0.0	0.0	0.0	0.0	0.0	0.0	0.0	0.0	0.0	0.0	0.0	0.0	0.0	0.0	0.0	0.0	0.0	0.0	0.0	0.0	0.0	0.0	0.0	0.0	0.0	0.0	0.0	0.0	0.0	0.0	0.0	0.0	0.0	0.0	0.0	0.0	0.0	0.0	0.0	0.0	0.0	0.0	0.0	0.0	0.0	0.0	0.0	0.0	0.0	0.0	0.0	0.0	0.0	0.0	0.0	0.0	0.0	0.0	0.0	0.0	0.0	0.0	0.0	0.0	0.0	0.0	0.0	0.0	0.0	0.0	0.0	0.0	0.0	0.0	0.0	0.0	0.0	0.0	0.0	0.0	0.0	0.0	0.0	0.0	0.0	0.0	0.0	0.0	0.0	0.0	0.0	0.0	0.0	0.0	0.0	0.0	0.0	0.0	0.0	0.0	0.0	0.0	0.0	0.0	0.0	0.0	0.0	0.0	0.0	0.0	0.0	0.0	0.0	0.0	0.0	0.0	0.0	0.0	0.0	0.0	0.0	0.0	0.0	0.0	0.0	0.0	0.0	0.0	0.0	0.0	0.0	0.0	0.0	0.0	0.0	0.0	0.0	0.0	431857.62	0.0	0.0	0.0	0.0	0.0	0.0	0.0	0.0	0.0	0.0	0.0	0.0	0.0	0.0	0.0	0.0	0.0	0.0	0.0	0.0	0.0	597890.69	0.0	0.0	0.0	22131433.63
Excess heat sources - Industry	Excess heat sources	Industry	No	4114295.91	0.0	2257872.75	0.0	0.0	0.0	0.0	0.0	0.0	0.0	1433024.06	0.0	0.0	0.0	790998.19	0.0	0.0	0.0	1997920.38	519904.94	0.0	0.0	0.0	0.0	0.0	0.0	0.0	0.0	0.0	0.0	0.0	0.0	0.0	0.0	0.0	0.0	0.0	0.0	14101965.0	0.0	0.0	0.0	0.0	0.0	0.0	0.0	0.0	0.0	0.0	0.0	0.0	0.0	0.0	0.0	0.0	0.0	0.0	0.0	0.0	0.0	0.0	0.0	0.0	0.0	0.0	0.0	0.0	0.0	0.0	0.0	0.0	0.0	0.0	0.0	0.0	0.0	0.0	0.0	0.0	0.0	0.0	0.0	0.0	0.0	0.0	0.0	0.0	0.0	0.0	0.0	0.0	0.0	0.0	0.0	0.0	0.0	0.0	0.0	0.0	0.0	0.0	0.0	0.0	0.0	0.0	0.0	0.0	0.0	0.0	0.0	0.0	0.0	0.0	0.0	0.0	0.0	0.0	0.0	0.0	0.0	0.0	0.0	0.0	0.0	0.0	0.0	0.0	0.0	0.0	0.0	0.0	0.0	0.0	0.0	0.0	0.0	0.0	0.0	0.0	0.0	0.0	0.0	0.0	0.0	0.0	0.0	0.0	0.0	0.0	0.0	0.0	0.0	0.0	0.0	0.0	0.0	0.0	0.0	0.0	0.0	0.0	0.0	0.0	0.0	0.0	0.0	0.0	0.0	0.0	0.0	0.0	0.0	0.0	0.0	0.0	0.0	0.0	0.0	0.0	0.0	0.0	0.0	0.0	0.0	0.0	0.0	0.0	0.0	0.0	0.0	0.0	0.0	0.0	0.0	0.0	0.0	0.0	0.0	0.0	0.0	0.0	0.0	0.0	0.0	0.0	0.0	0.0	0.0	0.0	0.0	0.0	0.0	0.0	0.0	0.0	0.0	0.0	0.0	0.0	0.0	0.0	0.0	0.0	0.0	0.0	0.0	0.0	0.0	0.0	0.0	0.0	0.0	0.0	0.0	0.0	0.0	0.0	0.0	0.0	0.0	0.0	0.0	0.0	0.0	0.0	0.0	0.0	0.0	0.0	0.0	0.0	0.0	0.0	0.0	0.0	0.0	0.0	0.0	0.0	0.0	0.0	0.0	0.0	0.0	0.0	0.0	0.0	0.0	0.0	0.0	0.0	0.0	0.0	0.0	0.0	0.0	0.0	0.0	0.0	431857.62	0.0	0.0	0.0	0.0	0.0	0.0	0.0	0.0	0.0	0.0	0.0	0.0	0.0	0.0	0.0	0.0	0.0	0.0	0.0	0.0	0.0	597890.69	0.0	0.0	0.0	22131433.63
Potential supply - Excess heat sources	Potential supply	Excess heat sources	No	4114295.91	0.0	2257872.75	0.0	0.0	0.0	0.0	0.0	0.0	0.0	1433024.06	0.0	0.0	0.0	790998.19	0.0	0.0	0.0	1997920.38	519904.94	0.0	0.0	0.0	0.0	0.0	0.0	0.0	0.0	0.0	0.0	0.0	0.0	0.0	0.0	0.0	0.0	0.0	0.0	14101965.0	0.0	0.0	0.0	0.0	0.0	0.0	0.0	0.0	0.0	0.0	0.0	0.0	0.0	0.0	0.0	0.0	0.0	0.0	0.0	0.0	0.0	0.0	0.0	0.0	0.0	0.0	0.0	0.0	0.0	0.0	0.0	0.0	0.0	0.0	0.0	0.0	0.0	0.0	0.0	0.0	0.0	0.0	0.0	0.0	0.0	0.0	0.0	0.0	0.0	0.0	0.0	0.0	0.0	0.0	0.0	0.0	0.0	0.0	0.0	0.0	0.0	0.0	0.0	0.0	0.0	0.0	0.0	0.0	0.0	0.0	0.0	0.0	0.0	0.0	0.0	0.0	0.0	0.0	0.0	0.0	0.0	0.0	0.0	0.0	0.0	0.0	0.0	0.0	0.0	0.0	0.0	0.0	0.0	0.0	0.0	0.0	0.0	0.0	0.0	0.0	0.0	0.0	0.0	0.0	0.0	0.0	0.0	0.0	0.0	0.0	0.0	0.0	0.0	0.0	0.0	0.0	0.0	0.0	0.0	0.0	0.0	0.0	0.0	0.0	0.0	0.0	0.0	0.0	0.0	0.0	0.0	0.0	0.0	0.0	0.0	0.0	0.0	0.0	0.0	0.0	0.0	0.0	0.0	0.0	0.0	0.0	0.0	0.0	0.0	0.0	0.0	0.0	0.0	0.0	0.0	0.0	0.0	0.0	0.0	0.0	0.0	0.0	0.0	0.0	0.0	0.0	0.0	0.0	0.0	0.0	0.0	0.0	0.0	0.0	0.0	0.0	0.0	0.0	0.0	0.0	0.0	0.0	0.0	0.0	0.0	0.0	0.0	0.0	0.0	0.0	0.0	0.0	0.0	0.0	0.0	0.0	0.0	0.0	0.0	0.0	0.0	0.0	0.0	0.0	0.0	0.0	0.0	0.0	0.0	0.0	0.0	0.0	0.0	0.0	0.0	0.0	0.0	0.0	0.0	0.0	0.0	0.0	0.0	0.0	0.0	0.0	0.0	0.0	0.0	0.0	0.0	0.0	0.0	0.0	0.0	0.0	0.0	0.0	0.0	0.0	431857.62	0.0	0.0	0.0	0.0	0.0	0.0	0.0	0.0	0.0	0.0	0.0	0.0	0.0	0.0	0.0	0.0	0.0	0.0	0.0	0.0	0.0	597890.69	0.0	0.0	0.0	22131433.63
Waste water - Effluent of UWWTPs	Waste water	Effluent of UWWTPs	Yes	352.01	0.0	0.0	0.0	0.0	0.0	0.0	0.0	0.0	0.0	0.0	2.79	0.0	0.0	0.0	0.0	0.0	21.8	0.0	0.0	0.0	0.0	0.0	0.0	0.0	0.0	0.0	0.0	0.0	0.0	0.0	0.0	0.0	0.0	0.0	0.0	0.0	0.0	0.0	0.0	0.0	0.0	0.0	0.0	0.0	0.0	0.0	0.0	0.0	0.0	0.0	0.0	0.0	0.0	0.0	0.0	0.0	0.0	0.0	0.0	0.0	0.0	0.0	0.0	0.0	0.0	0.0	0.0	0.0	0.0	0.0	0.0	0.0	12.64	0.0	0.0	0.0	0.0	0.0	0.0	0.0	0.0	0.0	0.0	0.0	0.0	0.0	0.0	0.0	0.0	0.0	0.0	0.0	0.0	0.0	0.0	0.0	0.0	0.0	0.0	0.0	0.0	0.0	0.0	0.0	0.0	0.0	0.0	0.0	0.0	0.0	9.47	0.0	0.0	0.0	0.0	0.0	0.0	79.03	0.0	0.0	0.0	0.0	0.0	0.0	0.0	0.0	0.0	0.0	0.0	0.0	0.0	0.0	0.0	0.0	0.0	0.0	0.0	0.0	0.0	0.0	0.0	0.0	0.0	0.0	0.0	0.0	0.0	0.0	0.0	0.0	0.0	0.0	0.0	0.0	0.0	0.0	0.0	0.0	0.0	0.0	0.0	0.0	0.0	0.0	0.0	0.0	0.0	0.0	0.0	0.0	0.0	0.0	0.0	0.0	0.0	0.0	0.0	0.0	0.0	0.0	0.0	0.0	0.0	0.0	0.0	0.0	0.0	0.0	0.0	0.0	0.0	0.0	0.0	0.0	0.0	0.0	0.0	0.0	0.0	0.0	0.0	0.0	0.0	0.0	0.0	0.0	0.0	0.0	0.0	48.37	0.0	0.0	0.0	0.0	0.0	0.0	0.0	0.0	0.0	0.0	0.0	0.0	0.0	0.0	0.0	0.0	0.0	0.0	0.0	0.0	0.0	0.0	0.0	0.0	0.0	0.0	0.0	0.0	0.0	0.0	0.0	0.0	0.0	0.0	0.0	0.0	0.0	0.0	0.0	0.0	0.0	0.0	0.0	0.0	0.0	0.0	0.0	0.0	0.0	0.0	0.0	0.0	0.0	0.0	0.0	0.0	0.0	0.0	0.0	0.0	0.0	0.0	0.0	0.0	0.0	0.0	0.0	0.0	0.0	0.0	0.0	0.0	0.0	0.0	0.0	0.0	0.0	0.0	0.0	0.0	0.0	0.0	0.0	0.0	0.0	0.0	0.0	0.0	0.0	0.0	25.07	0.0	0.0	0.0	199.17000000000002
Waste water - Sewer system	Waste water	Sewer system	Yes	8.09	9.01	0.0	0.0	6.98	88.24	48.68	2.88	52.47	118.69	0.33	91.64	0.0	0.0	0.0	0.0	0.0	0.0	0.0	0.0	1.45	3.8	51.77	0.49	6.81	93.66	0.21	7.82	64.24	38.37	115.42	0.0	38.1	107.16	83.8	32.08	60.77	90.91	0.0	52.93	0.26	46.44	0.26	30.79	0.0	75.3	0.0	49.62	45.04	0.0	76.78	9.11	2.12	10.69	0.0	103.82	1.83	110.45	78.54	119.01	59.49	129.88	64.37	182.57	264.66	161.99	131.72	42.01	2.72	22.48	0.49	115.44	154.74	135.75	7.03	172.57	0.64	41.31	0.0	41.24	38.88	6.13	42.16	12.9	16.43	0.26	1.28	0.26	45.04	1.15	15.2	85.16	243.67	63.28	150.62	19.21	220.72	170.16	165.99	142.14	259.38	178.85	4.44	16.05	171.96	53.4	212.31	0.74	172.07	112.63	73.8	12.14	128.96	0.0	23.46	66.8	172.72	55.93	28.3	238.59	7.2	0.0	137.32	116.34	118.76	64.09	86.23	57.99	138.88	88.83	166.97	200.38	126.05	116.93	83.76	89.34	84.28	89.0	151.61	1.78	50.97	30.79	2.78	25.16	81.72	70.65	29.98	179.82	71.8	1.06	16.44	0.6	171.3	68.53	108.64	167.51	124.17	0.0	52.76	156.2	51.96	71.8	92.18	40.79	47.46	200.22	104.59	141.4	0.97	161.15	0.89	1.83	48.29	69.07	15.43	258.67	57.14	65.37	148.71	148.75	181.66	114.59	94.62	175.29	236.89	111.73	174.7	69.14	64.54	130.77	255.68	0.43	72.39	83.01	0.72	114.88	18.78	105.18	25.06	54.76	158.89	133.14	79.2	92.71	165.08	96.7	106.34	122.48	0.0	15.63	0.77	149.96	6.01	130.83	96.26	33.26	86.07	0.53	45.64	111.0	136.22	92.61	159.59	101.97	78.16	60.57	90.55	74.43	109.47	0.0	0.0	35.81	28.74	26.81	57.65	4.42	176.97	71.28	5.05	140.02	99.29	116.49	137.0	145.17	76.32	89.3	21.67	211.65	102.63	94.03	40.46	54.93	0.38	137.93	28.97	105.06	69.5	247.62	37.69	94.36	58.39	28.87	81.42	0.43	77.18	114.12	70.65	152.77	250.01	140.65	165.26	115.83	134.94	61.15	91.13	75.71	62.13	3.44	10.09	0.6	72.39	47.27	3.31	30.34	60.89	129.01	54.3	131.85	107.28	82.93	4.42	2.46	0.0	59.49	138.11	32.15	19.43	8.13	36.32	79.38	7.81	0.47	85.57	0.68	0.21	22211.39
Water - Waste water	Water	Waste water	Yes	360.1	9.01	0.0	0.0	6.98	88.24	48.68	2.88	52.47	118.69	0.33	94.43	0.0	0.0	0.0	0.0	0.0	21.8	0.0	0.0	1.45	3.8	51.77	0.49	6.81	93.66	0.21	7.82	64.24	38.37	115.42	0.0	38.1	107.16	83.8	32.08	60.77	90.91	0.0	52.93	0.26	46.44	0.26	30.79	0.0	75.3	0.0	49.62	45.04	0.0	76.78	9.11	2.12	10.69	0.0	103.82	1.83	110.45	78.54	119.01	59.49	129.88	64.37	182.57	264.66	161.99	131.72	42.01	2.72	22.48	0.49	115.44	154.74	148.39	7.03	172.57	0.64	41.31	0.0	41.24	38.88	6.13	42.16	12.9	16.43	0.26	1.28	0.26	45.04	1.15	15.2	85.16	243.67	63.28	150.62	19.21	220.72	170.16	165.99	142.14	259.38	178.85	4.44	16.05	171.96	53.4	212.31	0.74	172.07	112.63	73.8	21.61	128.96	0.0	23.46	66.8	172.72	55.93	107.33	238.59	7.2	0.0	137.32	116.34	118.76	64.09	86.23	57.99	138.88	88.83	166.97	200.38	126.05	116.93	83.76	89.34	84.28	89.0	151.61	1.78	50.97	30.79	2.78	25.16	81.72	70.65	29.98	179.82	71.8	1.06	16.44	0.6	171.3	68.53	108.64	167.51	124.17	0.0	52.76	156.2	51.96	71.8	92.18	40.79	47.46	200.22	104.59	141.4	0.97	161.15	0.89	1.83	48.29	69.07	15.43	258.67	57.14	65.37	148.71	148.75	181.66	114.59	94.62	175.29	236.89	111.73	174.7	69.14	64.54	130.77	255.68	0.43	72.39	83.01	0.72	114.88	18.78	105.18	25.06	54.76	158.89	133.14	79.2	92.71	165.08	96.7	106.34	122.48	0.0	15.63	49.14	149.96	6.01	130.83	96.26	33.26	86.07	0.53	45.64	111.0	136.22	92.61	159.59	101.97	78.16	60.57	90.55	74.43	109.47	0.0	0.0	35.81	28.74	26.81	57.65	4.42	176.97	71.28	5.05	140.02	99.29	116.49	137.0	145.17	76.32	89.3	21.67	211.65	102.63	94.03	40.46	54.93	0.38	137.93	28.97	105.06	69.5	247.62	37.69	94.36	58.39	28.87	81.42	0.43	77.18	114.12	70.65	152.77	250.01	140.65	165.26	115.83	134.94	61.15	91.13	75.71	62.13	3.44	10.09	0.6	72.39	47.27	3.31	30.34	60.89	129.01	54.3	131.85	107.28	82.93	4.42	2.46	0.0	59.49	138.11	32.15	19.43	8.13	36.32	79.38	7.81	25.54	85.57	0.68	0.21	22410.559999999998
Surface water - Rivers heat extraction with heat pump	Surface water	Rivers heat extraction with heat pump	Yes	3406175.99	34909.56	27151.88	289250.67	0.0	7203.56	0.0	0.0	0.0	0.0	59290.85	0.0	3878.84	554.12	52641.41	2770.6	0.0	0.0	5541.2	57628.49	0.0	0.0	0.0	0.0	0.0	0.0	0.0	0.0	0.0	0.0	0.0	0.0	0.0	0.0	0.0	0.0	0.0	0.0	34355.44	0.0	98633.37	0.0	0.0	0.0	0.0	0.0	0.0	0.0	0.0	0.0	0.0	0.0	0.0	0.0	0.0	0.0	73143.85	0.0	0.0	0.0	0.0	0.0	0.0	0.0	0.0	0.0	0.0	0.0	0.0	0.0	0.0	0.0	0.0	1108.24	0.0	0.0	41004.88	5541.2	554.12	0.0	0.0	554.12	3878.84	0.0	9420.04	1108.24	2216.48	8311.8	0.0	2216.48	10528.28	1108.24	0.0	0.0	0.0	0.0	0.0	0.0	0.0	0.0	0.0	0.0	0.0	9420.04	0.0	0.0	0.0	0.0	0.0	0.0	0.0	0.0	0.0	0.0	0.0	0.0	0.0	0.0	0.0	0.0	0.0	0.0	0.0	0.0	0.0	0.0	0.0	0.0	0.0	0.0	0.0	0.0	0.0	0.0	0.0	0.0	0.0	0.0	0.0	0.0	0.0	0.0	0.0	0.0	0.0	0.0	0.0	0.0	0.0	0.0	0.0	0.0	0.0	0.0	0.0	0.0	0.0	0.0	0.0	0.0	0.0	0.0	0.0	0.0	0.0	0.0	0.0	0.0	0.0	0.0	0.0	0.0	0.0	0.0	0.0	0.0	0.0	0.0	0.0	0.0	0.0	0.0	0.0	0.0	0.0	0.0	0.0	0.0	0.0	0.0	0.0	0.0	0.0	0.0	0.0	0.0	0.0	0.0	0.0	0.0	0.0	0.0	0.0	0.0	0.0	0.0	0.0	0.0	0.0	0.0	0.0	0.0	0.0	0.0	0.0	0.0	0.0	0.0	0.0	0.0	0.0	0.0	0.0	0.0	0.0	0.0	0.0	0.0	0.0	0.0	19394.2	0.0	0.0	0.0	0.0	0.0	0.0	0.0	0.0	0.0	0.0	0.0	0.0	0.0	0.0	0.0	0.0	0.0	0.0	0.0	0.0	0.0	0.0	0.0	0.0	0.0	0.0	0.0	0.0	0.0	0.0	0.0	0.0	4987.08	0.0	0.0	0.0	0.0	0.0	0.0	0.0	0.0	0.0	0.0	0.0	0.0	0.0	0.0	0.0	17177.72	0.0	0.0	0.0	0.0	0.0	0.0	0.0	0.0	0.0	0.0	0.0	0.0	0.0	0.0	0.0	0.0	0.0	0.0	0.0	0.0	0.0	0.0	0.0	0.0	0.0	885483.84
Surface water - Lakes heat extraction with heat pump	Surface water	Lakes heat extraction with heat pump	Yes	11017231.9	91524.07	225342.21	2449246.29	0.0	15134.46	0.0	0.0	0.0	3318.12	394635.17	13.09	11266.93	12720.73	637451.82	10847.54	2697.11	208993.46	68347.87	527845.11	8207.1	0.0	0.0	0.0	941.68	0.0	0.0	0.0	0.0	0.0	0.0	435.05	0.0	0.0	0.0	0.0	0.0	0.0	514304.08	0.0	868570.93	0.0	436.36	0.0	0.0	0.0	67374.37	36.58	0.0	0.0	320.33	0.0	0.0	1369.83	7191.6	0.0	418412.76	0.0	0.0	0.0	0.0	0.0	0.0	0.0	0.0	0.0	0.0	0.0	573.4	0.0	219.36	405.81	0.0	1880.41	5332.84	0.0	78102.79	14629.3	321.86	0.0	0.0	1658.72	321.86	59532.5	6759.08	27669.16	7648.54	9333.97	238.61	4796.25	23954.47	5827.7	0.0	0.0	0.0	0.0	348.33	0.0	0.0	0.0	839.79	160.53	231.22	23394.46	0.0	0.0	0.0	0.0	0.0	0.0	0.0	84943.13	0.0	0.0	9457.5	156.1	0.0	0.0	2505.66	0.0	0.0	6349.81	0.0	0.0	4128.61	0.0	0.0	0.0	0.0	0.0	0.0	0.0	0.0	0.0	0.0	0.0	0.0	0.0	0.0	12386.95	952.84	0.0	0.0	0.0	0.0	0.0	0.0	0.0	17.29	10702.35	0.0	0.0	0.0	952.84	0.0	79.64	0.0	281.91	0.0	0.0	0.0	0.0	0.0	0.0	0.0	0.0	0.0	0.0	2148.51	0.0	355.41	21625.44	3178.53	0.0	0.0	23.98	0.0	0.0	0.0	0.0	0.0	0.0	0.0	0.0	0.0	0.0	30.08	0.0	0.0	0.0	0.0	0.0	0.0	0.0	0.0	0.0	0.0	0.0	1620.98	0.0	0.0	0.0	0.0	0.0	0.0	0.0	0.0	0.0	32780.61	18.16	8048.64	0.0	9.93	0.0	0.0	0.0	0.0	2665.81	0.0	0.0	0.0	0.0	0.0	0.0	0.0	0.0	0.0	0.0	0.0	2359.57	82002.22	0.0	0.0	0.0	0.0	0.0	0.0	4923.58	2912.32	0.0	29.2	0.0	0.0	0.0	0.0	0.0	0.0	0.0	0.0	0.0	0.0	0.0	0.0	0.0	0.0	0.0	0.0	0.0	0.0	0.0	0.0	0.0	0.0	17702.55	0.0	0.0	0.0	0.0	0.0	280.26	0.0	0.0	0.0	0.0	0.0	104.26	0.0	0.0	0.0	52510.1	0.0	0.0	7580.82	0.0	0.0	0.0	162.96	1099.56	0.0	0.0	6318.97	15758.95	2555.73	1173.78	0.0	1257.33	515.97	506.52	2519.15	184.18	288.06	1183.54	314.43	346.01	0.0	7231176.34
Surface water - Lakes cold extraction with heat pump	Surface water	Lakes cold extraction with heat pump	Yes	4063961.26	33760.78	83122.69	903461.23	0.0	5582.7	0.0	0.0	0.0	1223.96	145570.32	4.83	4156.07	4692.34	235138.86	4001.37	994.89	77092.08	25211.7	194707.91	3027.38	0.0	0.0	0.0	347.36	0.0	0.0	0.0	0.0	0.0	0.0	160.48	0.0	0.0	0.0	0.0	0.0	0.0	189712.98	0.0	320392.53	0.0	160.96	0.0	0.0	0.0	24852.6	13.49	0.0	0.0	118.16	0.0	0.0	505.29	2652.79	0.0	154341.22	0.0	0.0	0.0	0.0	0.0	0.0	0.0	0.0	0.0	0.0	0.0	211.51	0.0	80.92	149.69	0.0	693.63	1967.14	0.0	28810.03	5396.36	118.73	0.0	0.0	611.86	118.73	21959.94	2493.24	10206.41	2821.34	3443.05	88.02	1769.21	8836.16	2149.68	0.0	0.0	0.0	0.0	128.49	0.0	0.0	0.0	309.78	59.21	85.29	8629.59	0.0	0.0	0.0	0.0	0.0	0.0	0.0	31333.24	0.0	0.0	3488.62	57.58	0.0	0.0	924.27	0.0	0.0	2342.28	0.0	0.0	1522.93	0.0	0.0	0.0	0.0	0.0	0.0	0.0	0.0	0.0	0.0	0.0	0.0	0.0	0.0	4569.21	351.48	0.0	0.0	0.0	0.0	0.0	0.0	0.0	6.38	3947.81	0.0	0.0	0.0	351.48	0.0	29.38	0.0	103.99	0.0	0.0	0.0	0.0	0.0	0.0	0.0	0.0	0.0	0.0	792.53	0.0	131.1	7977.04	1172.47	0.0	0.0	8.85	0.0	0.0	0.0	0.0	0.0	0.0	0.0	0.0	0.0	0.0	11.09	0.0	0.0	0.0	0.0	0.0	0.0	0.0	0.0	0.0	0.0	0.0	597.94	0.0	0.0	0.0	0.0	0.0	0.0	0.0	0.0	0.0	12091.89	6.7	2968.93	0.0	3.66	0.0	0.0	0.0	0.0	983.35	0.0	0.0	0.0	0.0	0.0	0.0	0.0	0.0	0.0	0.0	0.0	870.38	30248.42	0.0	0.0	0.0	0.0	0.0	0.0	1816.18	1074.28	0.0	10.77	0.0	0.0	0.0	0.0	0.0	0.0	0.0	0.0	0.0	0.0	0.0	0.0	0.0	0.0	0.0	0.0	0.0	0.0	0.0	0.0	0.0	0.0	6530.0	0.0	0.0	0.0	0.0	0.0	103.38	0.0	0.0	0.0	0.0	0.0	38.46	0.0	0.0	0.0	19369.57	0.0	0.0	2796.36	0.0	0.0	0.0	60.11	405.6	0.0	0.0	2330.9	5813.06	942.74	432.97	0.0	463.8	190.33	186.84	929.25	67.94	106.26	436.58	115.99	127.63	0.0	2667386.98
Water - Surface water	Water	Surface water	Yes	18487369.12	160194.41	335616.77	3641958.16	0.0	27920.72	0.0	0.0	0.0	4542.08	599496.33	17.92	19301.84	17967.19	925232.08	17619.51	3692.01	286085.55	99100.77	780181.49	11234.48	0.0	0.0	0.0	1289.04	0.0	0.0	0.0	0.0	0.0	0.0	595.52	0.0	0.0	0.0	0.0	0.0	0.0	738372.5	0.0	1287596.83	0.0	597.32	0.0	0.0	0.0	92226.97	50.07	0.0	0.0	438.5	0.0	0.0	1875.12	9844.39	0.0	645897.84	0.0	0.0	0.0	0.0	0.0	0.0	0.0	0.0	0.0	0.0	0.0	784.92	0.0	300.28	555.51	0.0	3682.28	7299.98	0.0	147917.7	25566.85	994.71	0.0	0.0	2824.69	4319.43	81492.44	18672.36	38983.8	12686.36	21088.82	326.63	8781.94	43318.91	9085.62	0.0	0.0	0.0	0.0	476.83	0.0	0.0	0.0	1149.57	219.74	316.51	41444.09	0.0	0.0	0.0	0.0	0.0	0.0	0.0	116276.37	0.0	0.0	12946.12	213.68	0.0	0.0	3429.94	0.0	0.0	8692.09	0.0	0.0	5651.55	0.0	0.0	0.0	0.0	0.0	0.0	0.0	0.0	0.0	0.0	0.0	0.0	0.0	0.0	16956.17	1304.32	0.0	0.0	0.0	0.0	0.0	0.0	0.0	23.66	14650.16	0.0	0.0	0.0	1304.32	0.0	109.02	0.0	385.89	0.0	0.0	0.0	0.0	0.0	0.0	0.0	0.0	0.0	0.0	2941.03	0.0	486.51	29602.48	4351.0	0.0	0.0	32.83	0.0	0.0	0.0	0.0	0.0	0.0	0.0	0.0	0.0	0.0	41.17	0.0	0.0	0.0	0.0	0.0	0.0	0.0	0.0	0.0	0.0	0.0	2218.91	0.0	0.0	0.0	0.0	0.0	0.0	0.0	0.0	0.0	44872.49	24.86	11017.57	0.0	13.59	0.0	0.0	0.0	0.0	3649.15	0.0	0.0	0.0	0.0	0.0	0.0	0.0	0.0	0.0	0.0	0.0	3229.95	131644.84	0.0	0.0	0.0	0.0	0.0	0.0	6739.76	3986.59	0.0	39.97	0.0	0.0	0.0	0.0	0.0	0.0	0.0	0.0	0.0	0.0	0.0	0.0	0.0	0.0	0.0	0.0	0.0	0.0	0.0	0.0	0.0	0.0	29219.63	0.0	0.0	0.0	0.0	0.0	383.64	0.0	0.0	0.0	0.0	0.0	142.72	0.0	0.0	0.0	89057.39	0.0	0.0	10377.18	0.0	0.0	0.0	223.07	1505.16	0.0	0.0	8649.87	21572.01	3498.47	1606.75	0.0	1721.13	706.3	693.37	3448.39	252.12	394.32	1620.12	430.42	473.65	0.0	10784047.080000002
Potential supply - Water	Potential supply	Water	Yes	18487729.22	160203.42	335616.77	3641958.16	6.98	28008.96	48.68	2.88	52.47	4660.77	599496.66	112.35	19301.84	17967.19	925232.08	17619.51	3692.01	286107.35	99100.77	780181.49	11235.93	3.8	51.77	0.49	1295.85	93.66	0.21	7.82	64.24	38.37	115.42	595.52	38.1	107.16	83.8	32.08	60.77	90.91	738372.5	52.93	1287597.09	46.44	597.58	30.79	0.0	75.3	92226.97	99.7	45.04	0.0	515.28	9.11	2.12	1885.81	9844.39	103.82	645899.67	110.45	78.54	119.01	59.49	129.88	64.37	182.57	264.66	161.99	131.72	42.01	787.63	22.48	300.77	670.95	154.74	3830.68	7307.01	172.57	147918.34	25608.16	994.71	41.24	38.88	2830.83	4361.58	81505.34	18688.79	38984.06	12687.64	21089.07	371.67	8783.09	43334.12	9170.78	243.67	63.28	150.62	19.21	697.55	170.16	165.99	142.14	1408.95	398.6	320.94	41460.14	171.96	53.4	212.31	0.74	172.07	112.63	73.8	116297.97	128.96	0.0	12969.59	280.48	172.72	55.93	3537.27	238.59	7.2	8692.09	137.32	116.34	5770.3	64.09	86.23	57.99	138.88	88.83	166.97	200.38	126.05	116.93	83.76	89.34	84.28	89.0	151.61	16957.95	1355.29	30.79	2.78	25.16	81.72	70.65	29.98	179.82	95.46	14651.23	16.44	0.6	171.3	1372.85	108.64	276.52	124.17	385.89	52.76	156.2	51.96	71.8	92.18	40.79	47.46	200.22	104.59	141.4	2942.01	161.15	487.41	29604.31	4399.29	69.07	15.43	291.49	57.14	65.37	148.71	148.75	181.66	114.59	94.62	175.29	236.89	111.73	215.87	69.14	64.54	130.77	255.68	0.43	72.39	83.01	0.72	114.88	18.78	105.18	2243.97	54.76	158.89	133.14	79.2	92.71	165.08	96.7	106.34	122.48	44872.49	40.48	11066.71	149.96	19.61	130.83	96.26	33.26	86.07	3649.68	45.64	111.0	136.22	92.61	159.59	101.97	78.16	60.57	90.55	74.43	109.47	3229.95	131644.84	35.81	28.74	26.81	57.65	4.42	176.97	6811.05	3991.64	140.02	139.27	116.49	137.0	145.17	76.32	89.3	21.67	211.65	102.63	94.03	40.46	54.93	0.38	137.93	28.97	105.06	69.5	247.62	37.69	94.36	58.39	28.87	81.42	29220.05	77.18	114.12	70.65	152.77	250.01	524.29	165.26	115.83	134.94	61.15	91.13	218.44	62.13	3.44	10.09	89057.98	72.39	47.27	10380.48	30.34	60.89	129.01	277.37	1637.01	107.28	82.93	8654.29	21574.47	3498.47	1666.24	138.11	1753.28	725.73	701.5	3484.71	331.5	402.13	1645.66	515.99	474.33	0.21	10806457.65
Deep geothermal - Potential till 1 km	Deep geothermal	Potential till 1 km	Yes	0.0	0.0	0.0	0.0	0.0	0.0	0.0	0.0	0.0	0.0	0.0	0.0	0.0	0.0	0.0	0.0	0.0	0.0	0.0	0.0	0.0	0.0	0.0	0.0	0.0	0.0	0.0	0.0	0.0	0.0	0.0	0.0	0.0	0.0	0.0	0.0	0.0	0.0	0.0	0.0	0.0	0.0	0.0	0.0	0.0	0.0	0.0	0.0	0.0	0.0	0.0	0.0	0.0	0.0	0.0	0.0	0.0	0.0	0.0	0.0	0.0	0.0	0.0	0.0	0.0	0.0	0.0	0.0	0.0	0.0	0.0	0.0	0.0	0.0	0.0	0.0	0.0	0.0	0.0	0.0	0.0	0.0	0.0	0.0	0.0	0.0	0.0	0.0	0.0	0.0	0.0	0.0	0.0	0.0	0.0	0.0	0.0	0.0	0.0	0.0	0.0	0.0	0.0	0.0	0.0	0.0	0.0	0.0	0.0	0.0	0.0	0.0	0.0	0.0	0.0	0.0	0.0	0.0	0.0	0.0	0.0	0.0	0.0	0.0	0.0	0.0	0.0	0.0	0.0	0.0	0.0	0.0	0.0	0.0	0.0	0.0	0.0	0.0	0.0	0.0	0.0	0.0	0.0	0.0	0.0	0.0	0.0	0.0	0.0	0.0	0.0	0.0	0.0	0.0	0.0	0.0	0.0	0.0	0.0	0.0	0.0	0.0	0.0	0.0	0.0	0.0	0.0	0.0	0.0	0.0	0.0	0.0	0.0	0.0	0.0	0.0	0.0	0.0	0.0	0.0	0.0	0.0	0.0	0.0	0.0	0.0	0.0	0.0	0.0	0.0	0.0	0.0	0.0	0.0	0.0	0.0	0.0	0.0	0.0	0.0	0.0	0.0	0.0	0.0	0.0	0.0	0.0	0.0	0.0	0.0	0.0	0.0	0.0	0.0	0.0	0.0	0.0	0.0	0.0	0.0	0.0	0.0	0.0	0.0	0.0	0.0	0.0	0.0	0.0	0.0	0.0	0.0	0.0	0.0	0.0	0.0	0.0	0.0	0.0	0.0	0.0	0.0	0.0	0.0	0.0	0.0	0.0	0.0	0.0	0.0	0.0	0.0	0.0	0.0	0.0	0.0	0.0	0.0	0.0	0.0	0.0	0.0	0.0	0.0	0.0	0.0	0.0	0.0	0.0	0.0	0.0	0.0	0.0	0.0	0.0	0.0	0.0	0.0	0.0	0.0	0.0	0.0	0.0	0.0	0.0	0.0	0.0	0.0	0.0	0.0	0.0	0.0	0.0	0.0	0.0	0.0	0.0	0.0	0.0	0.0	0.0	0.0	0.0	0.0	0.0	0.0
Deep geothermal - Additional 1-2 km	Deep geothermal	Additional 1-2 km	Yes	20687607107.96	40541907.46	49073759.41	17755174.83	4600158.94	10945913.9	5668052.98	13245993.37	8769052.97	6612728.47	5009279.75	2135788.08	0.0	0.0	0.0	0.0	0.0	0.0	0.0	0.0	0.0	0.0	0.0	0.0	0.0	0.0	0.0	0.0	0.0	0.0	0.0	0.0	0.0	0.0	0.0	0.0	0.0	0.0	0.0	0.0	0.0	0.0	0.0	0.0	0.0	0.0	0.0	0.0	0.0	0.0	0.0	0.0	0.0	0.0	0.0	0.0	0.0	0.0	0.0	0.0	0.0	0.0	0.0	0.0	0.0	0.0	0.0	0.0	0.0	0.0	0.0	0.0	0.0	0.0	0.0	0.0	0.0	0.0	0.0	0.0	0.0	0.0	0.0	0.0	0.0	0.0	0.0	0.0	0.0	0.0	0.0	0.0	0.0	0.0	0.0	0.0	0.0	0.0	0.0	0.0	0.0	0.0	0.0	0.0	0.0	0.0	0.0	0.0	0.0	0.0	0.0	0.0	0.0	0.0	0.0	0.0	0.0	0.0	0.0	0.0	0.0	0.0	0.0	0.0	0.0	0.0	0.0	0.0	0.0	0.0	0.0	0.0	0.0	0.0	0.0	0.0	0.0	0.0	0.0	0.0	0.0	0.0	0.0	0.0	0.0	0.0	0.0	0.0	0.0	0.0	0.0	0.0	0.0	0.0	0.0	0.0	0.0	0.0	0.0	0.0	0.0	0.0	0.0	0.0	0.0	0.0	0.0	0.0	0.0	0.0	0.0	0.0	0.0	0.0	0.0	0.0	0.0	0.0	0.0	0.0	0.0	0.0	0.0	0.0	0.0	0.0	0.0	0.0	0.0	0.0	0.0	0.0	0.0	0.0	0.0	0.0	0.0	0.0	0.0	0.0	0.0	0.0	0.0	0.0	0.0	0.0	0.0	0.0	0.0	0.0	0.0	0.0	0.0	0.0	0.0	0.0	0.0	0.0	0.0	0.0	0.0	0.0	0.0	0.0	0.0	0.0	0.0	0.0	0.0	0.0	0.0	0.0	0.0	0.0	0.0	0.0	0.0	0.0	0.0	0.0	0.0	0.0	0.0	0.0	0.0	0.0	0.0	0.0	0.0	0.0	0.0	0.0	0.0	0.0	0.0	0.0	0.0	0.0	0.0	0.0	0.0	0.0	0.0	0.0	0.0	0.0	0.0	0.0	0.0	0.0	0.0	0.0	0.0	0.0	0.0	0.0	0.0	0.0	0.0	0.0	0.0	0.0	0.0	0.0	0.0	0.0	0.0	0.0	0.0	0.0	0.0	0.0	0.0	0.0	0.0	0.0	0.0	0.0	0.0	0.0	0.0	0.0	0.0	0.0	0.0	164357810.16
Deep geothermal - Additional 2-3 km	Deep geothermal	Additional 2-3 km	Yes	848601437543.44	3207453463.88	5931234515.38	7121625614.44	352310756.0	838310861.38	434097181.5	1025942925.62	671592378.62	1088314704.62	1893468592.81	727078145.88	31666334.0	90051137.31	5613112747.44	369549297.25	338562244.38	4646448311.5	726474239.62	3381463984.56	59678768.5	145129066.88	267930585.0	173658712.5	433737342.25	236284653.62	193823437.62	44419320.12	213158348.88	100402667.5	195905190.0	69320298.0	88408496.0	194900548.0	137635954.0	89413138.0	115533830.0	122566324.0	3264418280.31	114529188.0	3406408242.44	173803066.0	56259952.0	48222816.0	429986776.0	105487410.0	406880010.0	229058376.0	68315656.0	894131380.0	163756646.0	75348150.0	453093542.0	110759621.88	364892547.56	245132648.0	2434247566.0	162752004.0	72334224.0	96445632.0	110510620.0	136631312.0	130760826.75	174807708.0	208965536.0	197914474.0	130603460.0	70324940.0	69320298.0	28129976.0	16074272.0	102473484.0	126584892.0	168779856.0	240109438.0	111515262.0	408385164.0	180967410.0	10046420.0	50232100.0	31143902.0	118547756.0	279907921.88	678052465.88	81376002.0	130758580.0	219568574.62	61310050.0	226642182.75	49342246.0	76186818.0	99394928.0	115083476.0	77854328.0	60805920.0	18820880.0	139421304.25	131022280.0	73835760.0	93656282.06	153462560.0	103554913.5	57186520.0	73111880.0	62253680.0	26059680.0	55738760.0	31126840.0	41261160.0	71574719.62	38833092.56	757571840.0	39813400.0	106600646.25	355729749.69	38365640.0	80715842.44	42708920.0	256977400.0	141880480.0	89037240.0	14477600.0	147718038.38	55738760.0	65149200.0	39594525.75	68044720.0	71664120.0	40537280.0	34022360.0	38365640.0	53567120.0	77666185.12	52887238.06	26059680.0	57186520.0	26059680.0	33298480.0	46328320.0	28231320.0	26059680.0	13753720.0	183505398.19	33298480.0	120887960.0	189309682.81	33298480.0	60805920.0	74559640.0	378409035.0	26783560.0	23888040.0	53567120.0	22440280.0	37641760.0	78902920.0	52119360.0	36194000.0	30402960.0	68044720.0	43432800.0	39089520.0	30402960.0	26783560.0	47776080.0	61529800.0	68044720.0	76806386.38	43432800.0	59358160.0	71574719.62	295975405.31	26783560.0	36194000.0	26059680.0	120887960.0	32574600.0	29679080.0	61529800.0	40537280.0	146956605.19	170561034.0	49947720.0	52119360.0	99895440.0	66596960.0	74559640.0	30402960.0	43883438.25	47052200.0	112201400.0	26783560.0	32574600.0	54328553.19	31126840.0	55738760.0	5067160.0	62977560.0	332260920.0	28955200.0	96276040.0	89037240.0	55014880.0	130966508.25	81798440.0	58634280.0	52843240.0	77455160.0	385742840.62	60805920.0	399949623.12	57910400.0	27507440.0	101875389.5	63701440.0	28231320.0	35470120.0	30242377.81	52843240.0	42708920.0	71664120.0	57910400.0	60082040.0	152720461.44	36194000.0	29679080.0	89037240.0	58634280.0	71664120.0	105605007.19	199827438.75	13029840.0	39089520.0	101343200.0	41261160.0	348499595.25	118716320.0	306697176.56	663382757.62	67487394.38	49223840.0	98447680.0	40404577.81	149870579.06	49223840.0	70216360.0	37641760.0	60082040.0	68768600.0	65873080.0	16649240.0	32633164.69	28955200.0	86141720.0	108166797.62	68927819.06	41985040.0	129175785.0	52480380.94	52843240.0	18097000.0	15201480.0	90360922.44	125089229.06	73657816.12	68856236.25	65149200.0	76372052.91	165921413.41	104545277.41	68081008.12	79853161.88	56249590.5	35353057.5	37095107.81	24674430.0	16543083.75	8330672.25	23753025.28	163468098.75	23272473.75	19438235.25	93370286.25	19907778.75	18786213.75	57273371.72	68728046.06	107604516.56	70810714.12	29721472.5	91984506.09	123966790.88	20188170.0	25515603.75	48595588.12	79141386.38	43460643.75	138381668.25	73587604.88	46544947.5	104827625.81	104526052.78	74628938.91	91687938.75	75545175.56	76926672534.98
Deep geothermal - Additional 3-4 km	Deep geothermal	Additional 3-4 km	Yes	1332060929064.12	3088464906.75	5732316949.38	9323209418.62	339121048.0	806926422.25	417845577.0	991009677.5	646449497.75	1223788980.88	2340209139.88	870515162.38	47153000.0	134091343.75	7128791425.0	467631946.25	428420571.88	5937418875.75	919288888.12	4794214332.12	75518202.5	168811812.0	311652576.0	201997040.0	535748120.0	281918482.75	236676244.5	51911841.75	298206020.5	139966610.25	275453441.25	97468140.75	124307194.0	274040859.5	193523699.75	125719775.75	162446901.25	172334973.5	5106265584.25	161034319.5	5161361548.25	244376642.75	79104578.0	67803924.0	604584989.0	148321083.75	572095608.75	322068639.0	96055559.0	1257197757.5	230250825.25	105943631.25	637074369.25	155359436.75	512746712.12	344669947.0	3422685580.25	228838243.5	101705886.0	135607848.0	155383992.5	192111118.0	182108452.25	245789224.5	293817004.0	278278604.75	183635627.5	98880722.5	97468140.75	39552289.0	22601308.0	144083338.5	177985300.5	237313734.0	337607038.25	156796574.25	586813898.25	262233667.12	14125817.5	70629087.5	43790034.25	166684646.5	391482408.25	1345647646.25	114419121.75	235373514.12	345224269.5	104737587.5	366862923.75	93099241.25	131214827.62	178301893.0	211480228.75	147273336.25	116630713.5	36099982.75	258715314.12	251311418.38	141623009.25	169725086.25	294353705.5	187663510.0	109688409.12	140234548.38	119407635.25	49984591.5	106911487.38	59703817.62	79142269.88	129708602.5	70373816.25	1637057957.0	76365348.12	193183025.0	771251117.88	73588426.38	152481814.62	81919191.62	492903610.62	272138331.5	170780687.62	27769217.5	267696477.5	106911487.38	124961478.75	71753695.0	130515322.25	137457626.62	77753809.0	65257661.12	73588426.38	102746104.75	140747632.5	96685915.88	49984591.5	109688409.12	49984591.5	63869200.25	88861496.0	54149974.12	49984591.5	26380756.62	332550778.75	63869200.25	231872966.12	407847126.25	63869200.25	116630713.5	143011470.12	693574509.25	51373052.38	45819208.88	102746104.75	43042287.12	72199965.5	151342235.38	99969183.0	69423043.75	58315356.75	130515322.25	83307652.5	74976887.25	58315356.75	51373052.38	91638417.75	118019174.38	130515322.25	147159688.5	83307652.5	113853791.75	129708602.5	567884626.75	51373052.38	69423043.75	49984591.5	231872966.12	62480739.38	56926895.88	118019174.38	77753809.0	266316598.75	309092840.0	95803800.38	99969183.0	191607600.75	127738400.5	143011470.12	58315356.75	83204667.0	90249956.88	215211435.62	51373052.38	62480739.38	104125983.5	59703817.62	106911487.38	9719226.12	120796096.12	637303541.62	55538435.0	184665296.38	170780687.62	105523026.5	237339145.0	156896078.88	112465330.88	101357643.88	148565313.62	849479747.5	116630713.5	797678451.0	111076870.0	52761513.25	189601226.88	122184557.0	54149974.12	68034582.88	56798164.0	101357643.88	81919191.62	137457626.62	111076870.0	115242252.62	278984389.12	69423043.75	56926895.88	170780687.62	112465330.88	137457626.62	232562488.25	440058361.0	24992295.75	74976887.25	194384522.5	79142269.88	658454732.12	227707583.5	675406028.75	1291798328.62	131961587.38	94415339.5	188830679.0	84865397.25	330043770.75	94415339.5	134680704.88	72199965.5	115242252.62	131903783.12	126349939.62	31934600.12	68162578.0	55538435.0	165226844.12	226848837.5	151792282.75	80530730.75	319130210.75	122327102.12	101357643.88	34711521.88	29157678.38	246671990.5	331013517.5	149585740.5	153135806.75	124961478.75	151287513.75	506889674.12	338235066.5	233992575.5	277725508.5	185395695.0	145406554.75	165755677.75	120389005.0	80715355.62	32586993.0	114885981.0	797577158.12	113548720.62	76036317.0	455562939.38	97132038.12	91659810.62	224035576.88	268842692.25	420915326.25	276989440.5	145014028.75	359814714.38	552461616.38	98500095.0	124493175.62	190090792.5	309576433.5	212048815.62	578467707.88	287851771.5	227097441.25	410052995.25	455257719.75	291925145.62	447354598.12	366577649.5	116044273693.08
Deep geothermal - Additional 4-5 km	Deep geothermal	Additional 4-5 km	Yes	1389215525077.12	3015500185.0	5594077764.25	9247157605.25	331125312.0	787900854.0	407993688.0	967974566.25	631207626.0	1211703187.88	2328273673.5	866229613.88	46928308.0	133452375.88	7122377569.88	467256011.25	428076159.38	5936194058.75	918549860.62	4794240090.88	75457492.5	168760068.75	311557050.0	201935125.0	535776126.5	281875620.75	236672779.25	51897431.75	298423971.75	140066372.5	275661847.5	97541884.5	124401244.0	274248197.0	193670118.5	125814894.5	162569807.5	172465361.0	5109058164.25	161156157.0	5164495595.75	244561536.5	79164428.0	67855224.0	605042414.0	148433302.5	572528452.5	322312314.0	96128234.0	1258148945.0	230425031.5	106023787.5	637556375.5	155477159.75	513134802.12	344930722.0	3425275161.5	229011381.0	101782836.0	135710448.0	155501555.0	192256468.0	182247070.0	245975187.0	294039304.0	278489148.5	183774565.0	98955535.0	97541884.5	39582214.0	22618408.0	144192351.0	178119963.0	237493284.0	337862469.5	156915205.5	587271524.5	262440500.25	14136505.0	70682525.0	43823165.5	166810759.0	391791511.5	1346876830.75	114505690.5	235607387.25	345522094.5	104836900.0	367170949.5	93195367.5	131340193.25	178478538.0	211694017.5	147425702.5	116752671.0	36137731.5	258960003.75	251574207.75	141771100.5	169873132.12	294661503.0	187827203.0	109803107.25	140381187.75	119532496.5	50036859.0	107023281.75	59766248.25	79225026.75	129821743.25	70435201.12	1638750386.0	76445201.25	193351532.5	772048217.25	73665375.75	152634321.62	82004852.25	493419026.25	272422899.0	170959268.25	27798255.0	267929980.75	107023281.75	125092147.5	71816283.5	130651798.5	137601362.25	77835114.0	65325899.25	73665375.75	102853543.5	140870402.25	96772900.38	50036859.0	109803107.25	50036859.0	63935986.5	88954416.0	54206597.25	50036859.0	26408342.25	332840852.38	63935986.5	232115429.25	408268884.0	63935986.5	116752671.0	143161013.25	694204050.5	51426771.75	45867120.75	102853543.5	43087295.25	72275463.0	151500489.75	100073718.0	69495637.5	58376335.5	130651798.5	83394765.0	75055288.5	58376335.5	51426771.75	91734241.5	118142583.75	130651798.5	147313090.75	83394765.0	113972845.5	129821743.25	568478429.0	51426771.75	69495637.5	50036859.0	232115429.25	62546073.75	56986422.75	118142583.75	77835114.0	266548898.38	309362452.0	95903979.75	100073718.0	191807959.5	127871973.0	143161013.25	58376335.5	83288800.5	90344328.75	215436476.25	51426771.75	62546073.75	104234625.88	59766248.25	107023281.75	9729389.25	120922409.25	637969952.25	55596510.0	184858395.75	170959268.25	105633369.0	237546168.5	157060140.75	112582932.75	101463630.75	148720664.25	850356470.0	116752671.0	798509341.0	111193020.0	52816684.5	189782259.75	122312322.0	54206597.25	68105724.75	56853967.12	101463630.75	82004852.25	137601362.25	111193020.0	115362758.25	279234720.62	69495637.5	56986422.75	170959268.25	112582932.75	137601362.25	232802509.0	440512532.0	25018429.5	75055288.5	194587785.0	79225026.75	659113589.75	227945691.0	676103095.0	1293129167.75	132099310.75	94514067.0	189028134.0	84953362.0	330384399.0	94514067.0	134821536.75	72275463.0	115362758.25	132041711.25	126482060.25	31967993.25	68233266.5	55596510.0	165399617.25	227066088.5	151948943.0	80614939.5	319430372.0	122447749.25	101463630.75	34747818.75	29188167.75	246854371.25	331309077.5	149733604.5	153292608.5	125092147.5	151442904.12	507227117.62	338446901.38	234164346.0	277887613.5	185509724.0	145500594.5	165857023.0	120458470.0	80761928.75	32603961.0	114952041.38	798037363.75	113614238.75	76075909.0	455825801.25	97188083.75	91712698.75	224152231.88	268982678.25	421134496.25	277133668.5	145097702.5	360002069.38	552768462.75	98556930.0	124565008.75	190189772.5	309737629.5	212171168.75	578779468.25	288001655.5	227228477.5	410266509.25	455507943.88	292077150.62	447612723.75	366788707.75	115699479759.14998
Deep geothermal - Additional 5-7 km	Deep geothermal	Additional 5-7 km	Yes	2767746038732.5	5959598069.25	11108043577.75	18452835886.75	654112984.0	1556438484.25	805960641.0	1912485756.25	1246902875.75	2410119960.5	4640225524.5	1727142612.0	93380568.0	265550990.25	14228006321.75	933503116.0	855228010.0	11868974076.5	1835116374.0	9588196933.75	150752056.0	337365258.75	622828170.0	403684925.0	1071594482.5	563613521.25	473320236.25	103751406.25	597433368.75	280400480.0	551884125.0	195282075.0	249055400.0	549053950.0	387733975.0	251885575.0	325470125.0	345281350.0	10224903622.25	322639950.0	10336898950.75	489620275.0	158489800.0	135848400.0	1211314900.0	297168375.0	1146220875.0	645279900.0	192451900.0	2518855750.0	461318525.0	212263125.0	1276408925.0	311270459.5	1027312866.25	690562700.0	6857514025.0	458488350.0	203772600.0	271696800.0	311319250.0	384903800.0	364864886.0	492450450.0	588676400.0	557544475.0	367922750.0	198112250.0	195282075.0	79244900.0	45282800.0	288677850.0	356602050.0	475469400.0	676411825.0	314149425.0	1175776840.5	525439163.25	28301750.0	141508750.0	87735425.0	333960650.0	784404827.5	2696991768.25	229244175.0	471856681.75	691852768.5	209945537.5	735186547.5	186655213.0	263023586.25	357441818.0	423975465.5	295270671.5	233841153.0	72379404.5	518599546.75	503872008.25	283949971.5	340160497.5	590170529.0	376112420.0	219922036.75	281166148.25	239408799.5	100217637.0	214354390.25	119704399.75	158677925.25	259960055.0	141042157.5	3282024718.0	153110278.75	387174550.0	1546225429.25	147542632.25	305690125.75	164245571.75	988257253.75	545629357.0	342410259.75	55676465.0	536513305.0	214354390.25	250544092.5	143807690.0	261679385.5	275598501.75	155894102.0	130839692.75	147542632.25	206002920.5	282084315.0	193788473.25	100217637.0	219922036.75	100217637.0	128055869.5	178164688.0	108569106.75	100217637.0	52892641.75	666493332.5	128055869.5	464898482.75	817665969.5	128055869.5	233841153.0	286733794.75	1390162971.5	103001460.25	91866167.25	206002920.5	86298520.75	144758809.0	303436734.25	200435274.0	139191162.5	116920576.5	261679385.5	167029395.0	150326455.5	116920576.5	103001460.25	183732334.5	236624976.25	261679385.5	295048683.0	167029395.0	228273506.5	259960055.0	1138591764.5	103001460.25	139191162.5	100217637.0	464898482.75	125272046.25	114136753.25	236624976.25	155894102.0	533747772.5	619479280.0	192083804.25	200435274.0	384167608.5	256111739.0	286733794.75	116920576.5	166809906.0	180948511.25	431492603.75	103001460.25	125272046.25	208768453.0	119704399.75	214354390.25	19486762.75	242192622.75	1277774871.75	111352930.0	370248492.25	342410259.75	211570567.0	475671590.0	314572027.25	225489683.25	203219097.25	297869087.75	1703045885.0	233841153.0	1599283938.0	222705860.0	105785283.5	380066851.25	244976446.0	108569106.75	136407339.25	113862392.0	203219097.25	164245571.75	275598501.75	222705860.0	231057329.75	559167996.75	139191162.5	114136753.25	342410259.75	225489683.25	275598501.75	466243709.5	882233606.0	50108818.5	150326455.5	389735255.0	158677925.25	1320047990.75	456547013.0	1354061072.5	2589922000.75	264575982.25	189299981.0	378599962.0	170143483.5	661675204.5	189299981.0	270030855.25	144758809.0	231057329.75	264463208.75	253327915.75	64027934.75	136657052.0	111352930.0	331274966.75	454729568.0	304314756.5	161461748.5	639661527.5	245216855.75	203219097.25	69595581.25	58460288.25	494207857.5	663407243.0	299874006.0	307002534.5	250544092.5	303312337.75	1015375464.5	677471324.75	468789717.0	556216368.0	371330182.0	291254598.5	331987670.5	241104886.0	161649866.75	65253948.0	230082831.75	1597319869.75	227405744.75	152259212.0	912362807.25	194527805.75	183568492.75	448620892.5	538345071.0	842863495.0	554658558.0	290421794.5	720512342.5	1106367896.25	197267634.0	249324370.75	380648030.0	619912506.0	424673378.75	1158403846.25	576409874.0	454811489.5	821112179.0	911693694.25	584566617.5	895923837.75	734148488.5	231218744385.0
Geothermal - Deep geothermal	Geothermal	Deep geothermal	Yes	6358311505585.5	15311558871.0	28414745807.0	44162583354.5	1681270304.0	4000522643.0	2071565196.0	4910659050.0	3204921517.0	5940539690.5	11207186513.5	4193101404.5	219128224.0	623145887.0	34092288714.0	2237940411.0	2050287022.5	28389035355.0	4399429441.5	22558115117.5	361406526.0	820066221.0	1513968408.0	981275820.0	2576856070.0	1363692292.0	1140492701.0	251980004.0	1407221659.0	660836107.0	1298904555.0	459612381.0	586172312.0	1292243506.0	912563713.0	592833361.0	766020635.0	812647978.0	23704644963.0	759359586.0	24069163579.0	1152361477.0	373018744.0	319730352.0	2850928972.0	699410145.0	2697724845.0	1518719172.0	452951332.0	5928333610.0	1085750987.0	499578675.0	3004133099.0	732866650.0	2418086837.0	1625295956.0	16139721727.0	1079089938.0	479595528.0	639460704.0	732715390.0	905902664.0	859981201.0	1159022526.0	1385498192.0	1312226653.0	865936370.0	466273430.0	459612381.0	186509372.0	106576784.0	679426998.0	839292174.0	1119056232.0	1591990711.0	739376439.0	2758247336.0	1231080702.0	66610490.0	333052450.0	206492519.0	786003782.0	1847586598.0	6067568635.5	539544969.0	1073596173.0	1602167682.0	480830075.0	1695862608.0	422292075.0	601765426.0	813617184.0	962233200.0	667824050.0	528030468.0	163438002.0	1175696199.0	1137779937.0	641179854.0	773415021.0	1332648324.0	855158072.0	496600083.0	634893777.0	540602622.0	226298772.0	484027929.0	270301311.0	358306389.0	591065138.0	320684277.0	7315404856.0	345734235.0	880309780.0	3445254490.5	333162081.0	691522120.0	370878543.0	2231557335.0	1232071092.0	773187471.0	125721540.0	1219857838.0	484027929.0	565746930.0	326972204.0	590891238.0	622321623.0	352020312.0	295445619.0	333162081.0	465169698.0	641368554.0	440134540.0	226298772.0	496600083.0	226298772.0	289159542.0	402308928.0	245157003.0	226298772.0	119435463.0	1515390407.0	289159542.0	1049774859.0	1823091652.5	289159542.0	528030468.0	647465931.0	3156350654.0	232584849.0	207440541.0	465169698.0	194868387.0	326876004.0	685182393.0	452597544.0	314303850.0	264015234.0	590891238.0	377164620.0	339448158.0	264015234.0	232584849.0	414881082.0	534316545.0	590891238.0	666327862.0	377164620.0	515458314.0	591065138.0	2570930276.5	232584849.0	314303850.0	226298772.0	1049774859.0	282873465.0	257729157.0	534316545.0	352020312.0	1213569911.0	1408495648.0	433739313.0	452597544.0	867478626.0	578319084.0	647465931.0	264015234.0	377186820.0	408595005.0	974341935.0	232584849.0	282873465.0	471457625.0	270301311.0	484027929.0	44002539.0	546888699.0	2885309343.0	251443080.0	836048241.0	773187471.0	477741852.0	1081523444.0	710326701.0	509172237.0	458883621.0	672610239.0	3788624905.0	528030468.0	3595421393.0	502886160.0	238870926.0	861325749.0	553174776.0	245157003.0	308017773.0	257756907.0	458883621.0	370878543.0	622321623.0	502886160.0	521744391.0	1270107604.0	314303850.0	257729157.0	773187471.0	509172237.0	622321623.0	1037213703.5	1962631918.0	113149386.0	339448158.0	880050780.0	358306389.0	2986115975.0	1030916628.0	3012267342.5	5838232365.0	596124284.0	427453236.0	854906472.0	380366820.5	1471973938.5	427453236.0	609749469.0	326876004.0	521744391.0	597177315.0	572033007.0	144579771.0	305686061.5	251443080.0	748043163.0	1016811306.0	676983794.5	364592466.0	1407397902.0	542472086.5	458883621.0	157151925.0	132007617.0	1078095141.0	1450819084.5	672851178.0	682287180.0	565746930.0	682414821.0	2195413660.5	1458698557.5	1005027685.0	1191682638.0	798485184.0	617514838.0	700695520.5	506626824.0	339670257.0	138775572.0	483673909.5	3356402709.0	477841209.0	323809668.0	1917121959.0	408755733.0	385727241.0	954082057.5	1144898469.0	1792517805.0	1179592362.0	610255038.0	1532313607.5	2335564845.0	414512856.0	523898193.0	809524170.0	1318367934.0	892354065.0	2454032715.0	1225850886.0	955682418.0	1746259281.0	1926985459.5	1243197832.5	1882579221.0	1543060119.0	540053527762.5
Shallow geothermal - Ground heat extraction	Shallow geothermal	Ground heat extraction	Yes	0.0	0.0	0.0	0.0	0.0	0.0	0.0	0.0	0.0	0.0	0.0	0.0	0.0	0.0	0.0	0.0	0.0	0.0	0.0	0.0	0.0	0.0	0.0	0.0	0.0	0.0	0.0	0.0	0.0	0.0	0.0	0.0	0.0	0.0	0.0	0.0	0.0	0.0	0.0	0.0	74971891968.0	0.0	0.0	0.0	0.0	0.0	0.0	0.0	0.0	0.0	0.0	0.0	0.0	0.0	0.0	0.0	0.0	0.0	0.0	0.0	0.0	0.0	0.0	0.0	0.0	0.0	0.0	0.0	0.0	0.0	0.0	0.0	0.0	0.0	0.0	0.0	0.0	0.0	0.0	0.0	0.0	0.0	0.0	0.0	0.0	0.0	0.0	0.0	0.0	0.0	0.0	0.0	0.0	0.0	0.0	0.0	0.0	0.0	0.0	0.0	0.0	0.0	0.0	0.0	0.0	0.0	0.0	0.0	0.0	0.0	0.0	0.0	0.0	0.0	0.0	0.0	0.0	0.0	0.0	0.0	0.0	0.0	0.0	0.0	0.0	0.0	0.0	0.0	0.0	0.0	0.0	0.0	0.0	0.0	0.0	0.0	0.0	0.0	0.0	0.0	0.0	0.0	0.0	0.0	0.0	0.0	0.0	0.0	0.0	0.0	0.0	0.0	0.0	0.0	0.0	0.0	0.0	0.0	0.0	0.0	0.0	0.0	0.0	0.0	0.0	0.0	0.0	0.0	0.0	0.0	0.0	0.0	0.0	0.0	0.0	0.0	0.0	0.0	0.0	0.0	0.0	0.0	0.0	0.0	0.0	0.0	0.0	0.0	0.0	0.0	0.0	0.0	0.0	0.0	0.0	0.0	0.0	0.0	0.0	0.0	0.0	0.0	0.0	0.0	0.0	0.0	0.0	0.0	0.0	0.0	0.0	0.0	0.0	0.0	0.0	0.0	0.0	0.0	0.0	0.0	0.0	0.0	0.0	0.0	0.0	0.0	0.0	0.0	0.0	0.0	0.0	0.0	0.0	0.0	0.0	0.0	0.0	0.0	0.0	0.0	0.0	0.0	0.0	0.0	0.0	0.0	0.0	0.0	0.0	0.0	0.0	0.0	0.0	0.0	0.0	0.0	0.0	0.0	0.0	0.0	0.0	0.0	0.0	0.0	0.0	0.0	0.0	0.0	0.0	0.0	0.0	0.0	0.0	0.0	0.0	0.0	0.0	0.0	0.0	0.0	0.0	0.0	0.0	0.0	0.0	0.0	0.0	0.0	0.0	0.0	0.0	0.0	0.0	0.0	0.0	0.0	0.0	0.0	0.0	0.0	0.0	0.0	0.0	0.0	0.0	74971891968.0
Shallow geothermal - Ground cold extraction	Shallow geothermal	Ground cold extraction	Yes	0.0	0.0	0.0	0.0	0.0	0.0	0.0	0.0	0.0	0.0	0.0	0.0	0.0	0.0	0.0	0.0	0.0	0.0	0.0	0.0	0.0	0.0	0.0	0.0	0.0	0.0	0.0	0.0	0.0	0.0	0.0	0.0	0.0	0.0	0.0	0.0	0.0	0.0	0.0	0.0	74971891968.0	0.0	0.0	0.0	0.0	0.0	0.0	0.0	0.0	0.0	0.0	0.0	0.0	0.0	0.0	0.0	0.0	0.0	0.0	0.0	0.0	0.0	0.0	0.0	0.0	0.0	0.0	0.0	0.0	0.0	0.0	0.0	0.0	0.0	0.0	0.0	0.0	0.0	0.0	0.0	0.0	0.0	0.0	0.0	0.0	0.0	0.0	0.0	0.0	0.0	0.0	0.0	0.0	0.0	0.0	0.0	0.0	0.0	0.0	0.0	0.0	0.0	0.0	0.0	0.0	0.0	0.0	0.0	0.0	0.0	0.0	0.0	0.0	0.0	0.0	0.0	0.0	0.0	0.0	0.0	0.0	0.0	0.0	0.0	0.0	0.0	0.0	0.0	0.0	0.0	0.0	0.0	0.0	0.0	0.0	0.0	0.0	0.0	0.0	0.0	0.0	0.0	0.0	0.0	0.0	0.0	0.0	0.0	0.0	0.0	0.0	0.0	0.0	0.0	0.0	0.0	0.0	0.0	0.0	0.0	0.0	0.0	0.0	0.0	0.0	0.0	0.0	0.0	0.0	0.0	0.0	0.0	0.0	0.0	0.0	0.0	0.0	0.0	0.0	0.0	0.0	0.0	0.0	0.0	0.0	0.0	0.0	0.0	0.0	0.0	0.0	0.0	0.0	0.0	0.0	0.0	0.0	0.0	0.0	0.0	0.0	0.0	0.0	0.0	0.0	0.0	0.0	0.0	0.0	0.0	0.0	0.0	0.0	0.0	0.0	0.0	0.0	0.0	0.0	0.0	0.0	0.0	0.0	0.0	0.0	0.0	0.0	0.0	0.0	0.0	0.0	0.0	0.0	0.0	0.0	0.0	0.0	0.0	0.0	0.0	0.0	0.0	0.0	0.0	0.0	0.0	0.0	0.0	0.0	0.0	0.0	0.0	0.0	0.0	0.0	0.0	0.0	0.0	0.0	0.0	0.0	0.0	0.0	0.0	0.0	0.0	0.0	0.0	0.0	0.0	0.0	0.0	0.0	0.0	0.0	0.0	0.0	0.0	0.0	0.0	0.0	0.0	0.0	0.0	0.0	0.0	0.0	0.0	0.0	0.0	0.0	0.0	0.0	0.0	0.0	0.0	0.0	0.0	0.0	0.0	0.0	0.0	0.0	0.0	0.0	74971891968.0
Geothermal - Shallow geothermal	Geothermal	Shallow geothermal	No	0.0	0.0	0.0	0.0	0.0	0.0	0.0	0.0	0.0	0.0	0.0	0.0	0.0	0.0	0.0	0.0	0.0	0.0	0.0	0.0	0.0	0.0	0.0	0.0	0.0	0.0	0.0	0.0	0.0	0.0	0.0	0.0	0.0	0.0	0.0	0.0	0.0	0.0	0.0	0.0	149943783936.0	0.0	0.0	0.0	0.0	0.0	0.0	0.0	0.0	0.0	0.0	0.0	0.0	0.0	0.0	0.0	0.0	0.0	0.0	0.0	0.0	0.0	0.0	0.0	0.0	0.0	0.0	0.0	0.0	0.0	0.0	0.0	0.0	0.0	0.0	0.0	0.0	0.0	0.0	0.0	0.0	0.0	0.0	0.0	0.0	0.0	0.0	0.0	0.0	0.0	0.0	0.0	0.0	0.0	0.0	0.0	0.0	0.0	0.0	0.0	0.0	0.0	0.0	0.0	0.0	0.0	0.0	0.0	0.0	0.0	0.0	0.0	0.0	0.0	0.0	0.0	0.0	0.0	0.0	0.0	0.0	0.0	0.0	0.0	0.0	0.0	0.0	0.0	0.0	0.0	0.0	0.0	0.0	0.0	0.0	0.0	0.0	0.0	0.0	0.0	0.0	0.0	0.0	0.0	0.0	0.0	0.0	0.0	0.0	0.0	0.0	0.0	0.0	0.0	0.0	0.0	0.0	0.0	0.0	0.0	0.0	0.0	0.0	0.0	0.0	0.0	0.0	0.0	0.0	0.0	0.0	0.0	0.0	0.0	0.0	0.0	0.0	0.0	0.0	0.0	0.0	0.0	0.0	0.0	0.0	0.0	0.0	0.0	0.0	0.0	0.0	0.0	0.0	0.0	0.0	0.0	0.0	0.0	0.0	0.0	0.0	0.0	0.0	0.0	0.0	0.0	0.0	0.0	0.0	0.0	0.0	0.0	0.0	0.0	0.0	0.0	0.0	0.0	0.0	0.0	0.0	0.0	0.0	0.0	0.0	0.0	0.0	0.0	0.0	0.0	0.0	0.0	0.0	0.0	0.0	0.0	0.0	0.0	0.0	0.0	0.0	0.0	0.0	0.0	0.0	0.0	0.0	0.0	0.0	0.0	0.0	0.0	0.0	0.0	0.0	0.0	0.0	0.0	0.0	0.0	0.0	0.0	0.0	0.0	0.0	0.0	0.0	0.0	0.0	0.0	0.0	0.0	0.0	0.0	0.0	0.0	0.0	0.0	0.0	0.0	0.0	0.0	0.0	0.0	0.0	0.0	0.0	0.0	0.0	0.0	0.0	0.0	0.0	0.0	0.0	0.0	0.0	0.0	0.0	0.0	0.0	0.0	0.0	0.0	0.0	149943783936.0
Potential supply - Geothermal	Potential supply	Geothermal	No	6358311505585.5	15311558871.0	28414745807.0	44162583354.5	1681270304.0	4000522643.0	2071565196.0	4910659050.0	3204921517.0	5940539690.5	11207186513.5	4193101404.5	219128224.0	623145887.0	34092288714.0	2237940411.0	2050287022.5	28389035355.0	4399429441.5	22558115117.5	361406526.0	820066221.0	1513968408.0	981275820.0	2576856070.0	1363692292.0	1140492701.0	251980004.0	1407221659.0	660836107.0	1298904555.0	459612381.0	586172312.0	1292243506.0	912563713.0	592833361.0	766020635.0	812647978.0	23704644963.0	759359586.0	174012947857.0	1152361477.0	373018744.0	319730352.0	2850928972.0	699410145.0	2697724845.0	1518719172.0	452951332.0	5928333610.0	1085750987.0	499578675.0	3004133099.0	732866650.0	2418086837.0	1625295956.0	16139721727.0	1079089938.0	479595528.0	639460704.0	732715390.0	905902664.0	859981201.0	1159022526.0	1385498192.0	1312226653.0	865936370.0	466273430.0	459612381.0	186509372.0	106576784.0	679426998.0	839292174.0	1119056232.0	1591990711.0	739376439.0	2758247336.0	1231080702.0	66610490.0	333052450.0	206492519.0	786003782.0	1847586598.0	6067568635.5	539544969.0	1073596173.0	1602167682.0	480830075.0	1695862608.0	422292075.0	601765426.0	813617184.0	962233200.0	667824050.0	528030468.0	163438002.0	1175696199.0	1137779937.0	641179854.0	773415021.0	1332648324.0	855158072.0	496600083.0	634893777.0	540602622.0	226298772.0	484027929.0	270301311.0	358306389.0	591065138.0	320684277.0	7315404856.0	345734235.0	880309780.0	3445254490.5	333162081.0	691522120.0	370878543.0	2231557335.0	1232071092.0	773187471.0	125721540.0	1219857838.0	484027929.0	565746930.0	326972204.0	590891238.0	622321623.0	352020312.0	295445619.0	333162081.0	465169698.0	641368554.0	440134540.0	226298772.0	496600083.0	226298772.0	289159542.0	402308928.0	245157003.0	226298772.0	119435463.0	1515390407.0	289159542.0	1049774859.0	1823091652.5	289159542.0	528030468.0	647465931.0	3156350654.0	232584849.0	207440541.0	465169698.0	194868387.0	326876004.0	685182393.0	452597544.0	314303850.0	264015234.0	590891238.0	377164620.0	339448158.0	264015234.0	232584849.0	414881082.0	534316545.0	590891238.0	666327862.0	377164620.0	515458314.0	591065138.0	2570930276.5	232584849.0	314303850.0	226298772.0	1049774859.0	282873465.0	257729157.0	534316545.0	352020312.0	1213569911.0	1408495648.0	433739313.0	452597544.0	867478626.0	578319084.0	647465931.0	264015234.0	377186820.0	408595005.0	974341935.0	232584849.0	282873465.0	471457625.0	270301311.0	484027929.0	44002539.0	546888699.0	2885309343.0	251443080.0	836048241.0	773187471.0	477741852.0	1081523444.0	710326701.0	509172237.0	458883621.0	672610239.0	3788624905.0	528030468.0	3595421393.0	502886160.0	238870926.0	861325749.0	553174776.0	245157003.0	308017773.0	257756907.0	458883621.0	370878543.0	622321623.0	502886160.0	521744391.0	1270107604.0	314303850.0	257729157.0	773187471.0	509172237.0	622321623.0	1037213703.5	1962631918.0	113149386.0	339448158.0	880050780.0	358306389.0	2986115975.0	1030916628.0	3012267342.5	5838232365.0	596124284.0	427453236.0	854906472.0	380366820.5	1471973938.5	427453236.0	609749469.0	326876004.0	521744391.0	597177315.0	572033007.0	144579771.0	305686061.5	251443080.0	748043163.0	1016811306.0	676983794.5	364592466.0	1407397902.0	542472086.5	458883621.0	157151925.0	132007617.0	1078095141.0	1450819084.5	672851178.0	682287180.0	565746930.0	682414821.0	2195413660.5	1458698557.5	1005027685.0	1191682638.0	798485184.0	617514838.0	700695520.5	506626824.0	339670257.0	138775572.0	483673909.5	3356402709.0	477841209.0	323809668.0	1917121959.0	408755733.0	385727241.0	954082057.5	1144898469.0	1792517805.0	1179592362.0	610255038.0	1532313607.5	2335564845.0	414512856.0	523898193.0	809524170.0	1318367934.0	892354065.0	2454032715.0	1225850886.0	955682418.0	1746259281.0	1926985459.5	1243197832.5	1882579221.0	1543060119.0	689997312040.5
Solar thermal - Rooftops	Solar thermal	Rooftops	Yes	13476.84	3696.22	46317.01	105.35	2727.51	19458.65	11927.7	1611.27	9033.75	22194.57	3695.34	11595.57	0.0	6.0	77384.77	14044.87	1953.25	29443.03	5609.78	133888.37	785.45	468.95	10441.72	1182.21	2215.95	13434.07	257.57	1064.7	10545.39	3865.15	13763.72	181.46	4367.67	11993.8	8999.26	3890.77	9330.49	13222.4	51866.83	8448.65	132355.19	4952.94	878.36	3406.54	248.24	8814.2	689.54	9005.82	4584.24	63949.81	3620.25	2529.01	1064.28	3862.44	3448.77	11617.79	171806.21	12917.25	5286.13	7902.54	4642.01	10039.48	11077.67	18549.31	19427.72	10117.92	14315.32	3188.49	1575.61	1789.76	939.9	10864.26	18795.58	12473.29	20565.32	15325.75	19307.51	12632.85	1.45	6222.48	4205.82	6594.16	33820.85	1693.84	7378.39	7575.65	2004.29	4901.12	6652.88	1051.91	2532.13	13690.83	19848.37	6239.08	13292.08	2401.97	12242.4	5971.18	13495.94	8634.22	19993.93	13489.18	2342.36	5762.62	12971.53	5852.0	11825.94	1110.43	9938.33	10248.49	7246.84	2630.77	7100.09	4652.17	884.69	8648.14	14810.12	8120.05	3457.24	8988.12	1615.21	164.17	10936.44	10537.27	13450.1	4550.98	14712.23	7325.07	9924.73	6218.4	9419.9	11799.96	11302.18	9319.51	6618.25	13764.26	6419.53	7700.35	11120.0	289.14	6411.52	1229.65	3424.43	7468.15	8369.91	10520.28	4308.27	13096.47	19574.26	2141.17	4630.84	105.19	10242.64	5183.31	8372.09	16956.02	10296.02	3596.21	6128.91	15865.08	9319.29	8474.19	6416.35	3764.47	10061.64	13693.05	9104.5	8443.9	516.42	12461.52	281.54	3552.19	4645.63	4959.3	557.41	22326.53	6464.21	7055.3	12157.51	9344.19	19793.84	11549.34	10218.87	9067.15	18635.09	8774.46	15087.01	5158.54	8413.68	9084.55	23394.02	410.15	6386.41	5961.37	2590.6	9338.74	1000.16	10264.12	3334.52	4070.32	13451.58	13332.11	7991.83	9575.3	11215.94	9779.91	9707.6	14776.21	9258.74	2194.94	13552.68	11620.79	798.52	12046.59	9676.14	3414.29	8280.2	411.34	6189.32	8792.16	8697.18	8111.68	13418.45	12953.31	5974.28	4673.85	10708.09	6815.8	12692.14	1194.79	219.09	646.03	2892.07	4901.27	5155.09	7821.49	12886.02	10473.33	14388.98	8956.47	3202.91	11591.25	4908.08	23726.58	10826.4	7819.38	1325.24	12507.21	7643.98	9520.69	1881.87	5211.06	51.2	5001.93	6218.87	11750.33	3485.91	27053.62	4285.03	7551.74	3092.11	534.67	10534.04	16974.71	9865.69	11400.37	7977.53	12932.93	24832.65	18031.28	15548.42	12644.84	10604.19	6172.65	11360.01	9464.88	6265.83	618.07	3632.45	24496.7	7975.4	5019.95	3171.84	3136.56	3578.96	16649.09	9090.23	19204.48	14524.08	8440.06	3083.53	1882.09	25.12	5275.77	12069.56	6665.96	3501.85	43472.06	5589.8	7321.41	30912.17	23825.2	8920.57	267.07	5310.18	3186456.67
Potential supply - Solar thermal	Potential supply	Solar thermal	No	13476.84	3696.22	46317.01	105.35	2727.51	19458.65	11927.7	1611.27	9033.75	22194.57	3695.34	11595.57	0.0	6.0	77384.77	14044.87	1953.25	29443.03	5609.78	133888.37	785.45	468.95	10441.72	1182.21	2215.95	13434.07	257.57	1064.7	10545.39	3865.15	13763.72	181.46	4367.67	11993.8	8999.26	3890.77	9330.49	13222.4	51866.83	8448.65	132355.19	4952.94	878.36	3406.54	248.24	8814.2	689.54	9005.82	4584.24	63949.81	3620.25	2529.01	1064.28	3862.44	3448.77	11617.79	171806.21	12917.25	5286.13	7902.54	4642.01	10039.48	11077.67	18549.31	19427.72	10117.92	14315.32	3188.49	1575.61	1789.76	939.9	10864.26	18795.58	12473.29	20565.32	15325.75	19307.51	12632.85	1.45	6222.48	4205.82	6594.16	33820.85	1693.84	7378.39	7575.65	2004.29	4901.12	6652.88	1051.91	2532.13	13690.83	19848.37	6239.08	13292.08	2401.97	12242.4	5971.18	13495.94	8634.22	19993.93	13489.18	2342.36	5762.62	12971.53	5852.0	11825.94	1110.43	9938.33	10248.49	7246.84	2630.77	7100.09	4652.17	884.69	8648.14	14810.12	8120.05	3457.24	8988.12	1615.21	164.17	10936.44	10537.27	13450.1	4550.98	14712.23	7325.07	9924.73	6218.4	9419.9	11799.96	11302.18	9319.51	6618.25	13764.26	6419.53	7700.35	11120.0	289.14	6411.52	1229.65	3424.43	7468.15	8369.91	10520.28	4308.27	13096.47	19574.26	2141.17	4630.84	105.19	10242.64	5183.31	8372.09	16956.02	10296.02	3596.21	6128.91	15865.08	9319.29	8474.19	6416.35	3764.47	10061.64	13693.05	9104.5	8443.9	516.42	12461.52	281.54	3552.19	4645.63	4959.3	557.41	22326.53	6464.21	7055.3	12157.51	9344.19	19793.84	11549.34	10218.87	9067.15	18635.09	8774.46	15087.01	5158.54	8413.68	9084.55	23394.02	410.15	6386.41	5961.37	2590.6	9338.74	1000.16	10264.12	3334.52	4070.32	13451.58	13332.11	7991.83	9575.3	11215.94	9779.91	9707.6	14776.21	9258.74	2194.94	13552.68	11620.79	798.52	12046.59	9676.14	3414.29	8280.2	411.34	6189.32	8792.16	8697.18	8111.68	13418.45	12953.31	5974.28	4673.85	10708.09	6815.8	12692.14	1194.79	219.09	646.03	2892.07	4901.27	5155.09	7821.49	12886.02	10473.33	14388.98	8956.47	3202.91	11591.25	4908.08	23726.58	10826.4	7819.38	1325.24	12507.21	7643.98	9520.69	1881.87	5211.06	51.2	5001.93	6218.87	11750.33	3485.91	27053.62	4285.03	7551.74	3092.11	534.67	10534.04	16974.71	9865.69	11400.37	7977.53	12932.93	24832.65	18031.28	15548.42	12644.84	10604.19	6172.65	11360.01	9464.88	6265.83	618.07	3632.45	24496.7	7975.4	5019.95	3171.84	3136.56	3578.96	16649.09	9090.23	19204.48	14524.08	8440.06	3083.53	1882.09	25.12	5275.77	12069.56	6665.96	3501.85	43472.06	5589.8	7321.41	30912.17	23825.2	8920.57	267.07	5310.18	3186456.67
Potential supply - Potential supply	Potential supply	Potential supply	No	6358334121256.24	15311722762.0	28417385597.5	44166226064.5	1681273039.0	4000570117.0	2071577174.5	4910660662.0	3204930600.0	5940566546.0	11209222713.5	4193113112.5	219147524.5	623163859.5	34094082300.5	2237972073.0	2050292669.0	28389350898.0	4401532068.0	22559548990.0	361418547.0	820066694.0	1513978898.5	981277002.0	2576859579.5	1363705824.5	1140492957.5	251981077.5	1407232269.0	660840008.5	1298918431.0	459613157.5	586176717.5	1292255604.0	912572795.0	592837283.0	766030024.0	812661291.0	23719537235.0	759368086.5	174014371171.0	1152366475.5	373020220.0	319733789.5	2850929220.5	699419038.0	2697817753.5	1518728279.0	452955959.0	5928397556.0	1085755123.5	499581209.5	3004134164.0	732872396.5	2418100136.5	1625307673.5	16140539369.5	1079102968.0	479600894.5	639468725.5	732720088.5	905912834.0	859992343.0	1159041264.0	1385517888.5	1312236935.0	865950816.0	466276661.5	459614742.0	186511185.0	106578025.5	679438534.0	839311123.5	1119072534.0	1592018582.0	739391937.5	2758414562.0	1231118939.0	66611486.0	333058715.5	206496764.5	786013210.0	1847624773.5	6067651809.5	539571033.0	1073642739.0	1602182373.5	480856060.5	1695869632.0	422301910.0	601811288.5	813640048.0	962253290.5	667830352.0	528043909.5	163440423.0	1175709138.5	1137786078.5	641193516.0	773423798.0	1332669728.0	855171961.5	496602746.0	634941003.5	540615763.0	226304681.5	484039966.5	270302422.5	358316501.0	591075495.0	320691596.0	7315523805.5	345741465.5	880314430.5	3445268344.5	333171008.5	691537103.5	370886720.0	2231564329.5	1232080318.0	773189093.5	125730394.0	1219868910.5	484038584.5	565766153.0	326976819.0	590906036.5	622329006.0	352030377.5	295451925.5	333171669.0	465181699.0	641379981.0	440143976.0	226305472.5	496613934.5	226305279.0	289167333.5	402320201.5	245174259.5	226306538.5	119436723.0	1515393834.0	289167036.0	1049783311.0	1823102247.0	289163879.0	528043745.5	647485598.0	3156367447.0	232589495.5	207440646.5	465180109.0	194874943.5	326884482.0	685199627.0	452607959.5	314307830.5	264021414.5	590907258.5	377173989.0	339456705.0	264021743.5	232588654.0	414891190.0	534330440.5	590900446.0	666336445.5	377168078.0	515470937.0	591065906.5	2570963439.0	232593894.5	314308879.5	226299344.5	1049797476.5	282879988.5	257736277.0	534328851.5	352029802.5	1213589887.0	1408507307.5	433749629.0	452606783.5	867497499.0	578327970.5	647481231.0	264020462.0	377195297.5	408604221.5	974365587.0	232585260.0	282879926.5	471463668.5	270303901.0	484037381.0	44003558.5	546899067.5	2885314920.0	251447206.5	836061851.0	773200931.5	477749923.5	1081533115.0	710338083.0	509182112.5	458893436.0	672625137.0	3788679039.0	528032704.0	3595446015.5	502897929.0	238871744.0	861337925.5	553184550.0	245160450.0	308026138.0	257760968.5	458889856.5	370887447.0	622330457.0	502894366.5	521757967.0	1270120662.5	314309901.0	257733893.5	773198272.5	509179125.0	622334423.5	1037218126.5	1962763805.0	113150068.5	339451076.0	880055707.5	358311603.0	2986123803.0	1030929690.0	3012284626.5	5838250742.5	596133378.0	427456576.5	854918180.0	380371865.0	1471997809.5	427464134.5	609757375.0	326877351.0	521757108.5	597185062.0	572042619.5	144581693.5	305691330.0	251443131.5	748048302.0	1016817550.0	676995651.0	364596023.5	1407425199.5	542476409.5	458891265.5	157155074.0	132008180.5	1078105753.0	1450865274.5	672861122.0	682298695.5	565754976.0	682427910.5	2195438742.0	1458717112.0	1005043397.0	1191695395.5	798495922.5	617521073.0	700706968.5	506636505.5	339676584.5	138776193.0	483677553.5	3356948098.0	477849254.0	323814733.0	1917135506.0	408758898.5	385730882.0	954098832.0	1144907825.5	1792538644.5	1179606995.5	610263561.5	1532325344.0	2335588306.0	414516379.5	523905135.0	809536375.5	1318376353.0	892358294.0	2454076886.5	1225859958.0	955690073.5	1746290595.0	1927608823.0	1243207268.0	1882579961.5	1543065427.0	690033440127.5
